Transaction Size (bytes),Number of Transactions,Architecture,Mechanism,Memory Type,Pattern,RISC-V Processor,Run Host ID,Master Grid Dimensions,Subordinate Grid Dimensions,Number of Cores,Total Bytes,Latency (cycles),Combined Bandwidth (bytes/cycle)
32,1,wormhole_b0,unicast,l1,all_to_all,riscv_0,0,2x2,2x2,4,128,608.0,0.21052631578947367
64,1,wormhole_b0,unicast,l1,all_to_all,riscv_0,1024,2x2,2x2,4,256,559.0,0.45796064400715564
128,1,wormhole_b0,unicast,l1,all_to_all,riscv_0,2048,2x2,2x2,4,512,585.0,0.8752136752136752
256,1,wormhole_b0,unicast,l1,all_to_all,riscv_0,3072,2x2,2x2,4,1024,603.0,1.6981757877280266
512,1,wormhole_b0,unicast,l1,all_to_all,riscv_0,4096,2x2,2x2,4,2048,629.0,3.2559618441971385
1024,1,wormhole_b0,unicast,l1,all_to_all,riscv_0,5120,2x2,2x2,4,4096,650.0,6.3015384615384615
2048,1,wormhole_b0,unicast,l1,all_to_all,riscv_0,6144,2x2,2x2,4,8192,816.0,10.03921568627451
4096,1,wormhole_b0,unicast,l1,all_to_all,riscv_0,7168,2x2,2x2,4,16384,1298.0,12.622496147919877
8192,1,wormhole_b0,unicast,l1,all_to_all,riscv_0,8192,2x2,2x2,4,32768,2557.0,12.815017598748533
16384,1,wormhole_b0,unicast,l1,all_to_all,riscv_0,9216,2x2,2x2,4,65536,6000.0,10.922666666666666
32768,1,wormhole_b0,unicast,l1,all_to_all,riscv_0,10240,2x2,2x2,4,131072,10513.0,12.467611528583658
65536,1,wormhole_b0,unicast,l1,all_to_all,riscv_0,11264,2x2,2x2,4,262144,20740.0,12.63953712632594
32,16,wormhole_b0,unicast,l1,all_to_all,riscv_0,12288,2x2,2x2,4,2048,2445.0,0.8376278118609407
64,16,wormhole_b0,unicast,l1,all_to_all,riscv_0,13312,2x2,2x2,4,4096,2433.0,1.6835182901767365
128,16,wormhole_b0,unicast,l1,all_to_all,riscv_0,14336,2x2,2x2,4,8192,2444.0,3.351882160392799
256,16,wormhole_b0,unicast,l1,all_to_all,riscv_0,15360,2x2,2x2,4,16384,2803.0,5.845165893685337
512,16,wormhole_b0,unicast,l1,all_to_all,riscv_0,16384,2x2,2x2,4,32768,3474.0,9.432354634427174
1024,16,wormhole_b0,unicast,l1,all_to_all,riscv_0,17408,2x2,2x2,4,65536,5128.0,12.78003120124805
2048,16,wormhole_b0,unicast,l1,all_to_all,riscv_0,18432,2x2,2x2,4,131072,10205.0,12.843900048995591
4096,16,wormhole_b0,unicast,l1,all_to_all,riscv_0,19456,2x2,2x2,4,262144,24527.0,10.687976515676601
8192,16,wormhole_b0,unicast,l1,all_to_all,riscv_0,20480,2x2,2x2,4,524288,43293.0,12.110225671586631
16384,16,wormhole_b0,unicast,l1,all_to_all,riscv_0,21504,2x2,2x2,4,1048576,84791.0,12.36659551131606
32768,16,wormhole_b0,unicast,l1,all_to_all,riscv_0,22528,2x2,2x2,4,2097152,171694.0,12.21447458851212
65536,16,wormhole_b0,unicast,l1,all_to_all,riscv_0,23552,2x2,2x2,4,4194304,340174.0,12.329878238783682
32,256,wormhole_b0,unicast,l1,all_to_all,riscv_0,24576,2x2,2x2,4,32768,32232.0,1.0166294365847606
64,256,wormhole_b0,unicast,l1,all_to_all,riscv_0,25600,2x2,2x2,4,65536,32224.0,2.0337636544190665
128,256,wormhole_b0,unicast,l1,all_to_all,riscv_0,26624,2x2,2x2,4,131072,32220.0,4.068032278088144
256,256,wormhole_b0,unicast,l1,all_to_all,riscv_0,27648,2x2,2x2,4,262144,39399.0,6.653569887560598
512,256,wormhole_b0,unicast,l1,all_to_all,riscv_0,28672,2x2,2x2,4,524288,52094.0,10.064268437823934
1024,256,wormhole_b0,unicast,l1,all_to_all,riscv_0,29696,2x2,2x2,4,1048576,86905.0,12.065772970485012
2048,256,wormhole_b0,unicast,l1,all_to_all,riscv_0,30720,2x2,2x2,4,2097152,192726.0,10.88152091570416
4096,256,wormhole_b0,unicast,l1,all_to_all,riscv_0,31744,2x2,2x2,4,4194304,381696.0,10.98859825620389
8192,256,wormhole_b0,unicast,l1,all_to_all,riscv_0,32768,2x2,2x2,4,8388608,685577.0,12.235836383075862
16384,256,wormhole_b0,unicast,l1,all_to_all,riscv_0,33792,2x2,2x2,4,16777216,1371517.0,12.232597918946684
32768,256,wormhole_b0,unicast,l1,all_to_all,riscv_0,34816,2x2,2x2,4,33554432,2747861.0,12.211109659476953
65536,256,wormhole_b0,unicast,l1,all_to_all,riscv_0,35840,2x2,2x2,4,67108864,5486044.0,12.232651433346142
32,1,wormhole_b0,unicast,l1,all_to_all,riscv_0,36864,4x4,4x4,16,512,1353.0,0.37841832963784183
64,1,wormhole_b0,unicast,l1,all_to_all,riscv_0,37888,4x4,4x4,16,1024,1247.0,0.8211708099438653
128,1,wormhole_b0,unicast,l1,all_to_all,riscv_0,38912,4x4,4x4,16,2048,1331.0,1.5386927122464313
256,1,wormhole_b0,unicast,l1,all_to_all,riscv_0,39936,4x4,4x4,16,4096,1352.0,3.029585798816568
512,1,wormhole_b0,unicast,l1,all_to_all,riscv_0,40960,4x4,4x4,16,8192,1757.0,4.6624928856004555
1024,1,wormhole_b0,unicast,l1,all_to_all,riscv_0,41984,4x4,4x4,16,16384,3118.0,5.254650416933932
2048,1,wormhole_b0,unicast,l1,all_to_all,riscv_0,43008,4x4,4x4,16,32768,6413.0,5.109621082176829
4096,1,wormhole_b0,unicast,l1,all_to_all,riscv_0,44032,4x4,4x4,16,65536,11931.0,5.492917609588467
8192,1,wormhole_b0,unicast,l1,all_to_all,riscv_0,45056,4x4,4x4,16,131072,24997.0,5.243509221106533
16384,1,wormhole_b0,unicast,l1,all_to_all,riscv_0,46080,4x4,4x4,16,262144,49874.0,5.256125436098969
32768,1,wormhole_b0,unicast,l1,all_to_all,riscv_0,47104,4x4,4x4,16,524288,102187.0,5.1306721990077016
65536,1,wormhole_b0,unicast,l1,all_to_all,riscv_0,48128,4x4,4x4,16,1048576,200595.0,5.22732869712605
32,16,wormhole_b0,unicast,l1,all_to_all,riscv_0,49152,4x4,4x4,16,8192,10423.0,0.7859541398829512
64,16,wormhole_b0,unicast,l1,all_to_all,riscv_0,50176,4x4,4x4,16,16384,10977.0,1.492575384895691
128,16,wormhole_b0,unicast,l1,all_to_all,riscv_0,51200,4x4,4x4,16,32768,11852.0,2.7647654404319946
256,16,wormhole_b0,unicast,l1,all_to_all,riscv_0,52224,4x4,4x4,16,65536,16546.0,3.960836455941013
512,16,wormhole_b0,unicast,l1,all_to_all,riscv_0,53248,4x4,4x4,16,131072,27039.0,4.847516550168275
1024,16,wormhole_b0,unicast,l1,all_to_all,riscv_0,54272,4x4,4x4,16,262144,53053.0,4.941172035511658
2048,16,wormhole_b0,unicast,l1,all_to_all,riscv_0,55296,4x4,4x4,16,524288,101714.0,5.154531332953183
4096,16,wormhole_b0,unicast,l1,all_to_all,riscv_0,56320,4x4,4x4,16,1048576,208136.0,5.037936733674136
8192,16,wormhole_b0,unicast,l1,all_to_all,riscv_0,57344,4x4,4x4,16,2097152,420642.0,4.985598204649084
16384,16,wormhole_b0,unicast,l1,all_to_all,riscv_0,58368,4x4,4x4,16,4194304,822854.0,5.09726391316078
32768,16,wormhole_b0,unicast,l1,all_to_all,riscv_0,59392,4x4,4x4,16,8388608,1685597.0,4.9766391373501495
65536,16,wormhole_b0,unicast,l1,all_to_all,riscv_0,60416,4x4,4x4,16,16777216,3343444.0,5.017944371133478
32,256,wormhole_b0,unicast,l1,all_to_all,riscv_0,61440,4x4,4x4,16,131072,156541.0,0.8373014098542874
64,256,wormhole_b0,unicast,l1,all_to_all,riscv_0,62464,4x4,4x4,16,262144,166127.0,1.5779734781221595
128,256,wormhole_b0,unicast,l1,all_to_all,riscv_0,63488,4x4,4x4,16,524288,183655.0,2.8547439492526747
256,256,wormhole_b0,unicast,l1,all_to_all,riscv_0,64512,4x4,4x4,16,1048576,268256.0,3.908863175474174
512,256,wormhole_b0,unicast,l1,all_to_all,riscv_0,65536,4x4,4x4,16,2097152,459537.0,4.563619469161352
1024,256,wormhole_b0,unicast,l1,all_to_all,riscv_0,66560,4x4,4x4,16,4194304,859948.0,4.8773925865284875
2048,256,wormhole_b0,unicast,l1,all_to_all,riscv_0,67584,4x4,4x4,16,8388608,1678271.0,4.998363196408685
4096,256,wormhole_b0,unicast,l1,all_to_all,riscv_0,68608,4x4,4x4,16,16777216,3334163.0,5.031912357014339
8192,256,wormhole_b0,unicast,l1,all_to_all,riscv_0,69632,4x4,4x4,16,33554432,6697139.0,5.010263636457299
16384,256,wormhole_b0,unicast,l1,all_to_all,riscv_0,70656,4x4,4x4,16,67108864,13381240.0,5.015145382640174
32768,256,wormhole_b0,unicast,l1,all_to_all,riscv_0,71680,4x4,4x4,16,134217728,26823431.0,5.003749445773734
65536,256,wormhole_b0,unicast,l1,all_to_all,riscv_0,72704,4x4,4x4,16,268435456,53396077.0,5.02725052254307
32,1,wormhole_b0,unicast,l1,all_to_all,riscv_0,73728,8x8,8x8,64,2048,5054.0,0.40522358527898694
64,1,wormhole_b0,unicast,l1,all_to_all,riscv_0,74752,8x8,8x8,64,4096,4843.0,0.8457567623373942
128,1,wormhole_b0,unicast,l1,all_to_all,riscv_0,75776,8x8,8x8,64,8192,5938.0,1.3795890872347591
256,1,wormhole_b0,unicast,l1,all_to_all,riscv_0,76800,8x8,8x8,64,16384,8277.0,1.9794611574241876
512,1,wormhole_b0,unicast,l1,all_to_all,riscv_0,77824,8x8,8x8,64,32768,14396.0,2.2761878299527645
1024,1,wormhole_b0,unicast,l1,all_to_all,riscv_0,78848,8x8,8x8,64,65536,27780.0,2.3591072714182864
2048,1,wormhole_b0,unicast,l1,all_to_all,riscv_0,79872,8x8,8x8,64,131072,57677.0,2.272517641347504
4096,1,wormhole_b0,unicast,l1,all_to_all,riscv_0,80896,8x8,8x8,64,262144,115560.0,2.26846659743856
8192,1,wormhole_b0,unicast,l1,all_to_all,riscv_0,81920,8x8,8x8,64,524288,228401.0,2.2954715609826577
16384,1,wormhole_b0,unicast,l1,all_to_all,riscv_0,82944,8x8,8x8,64,1048576,451844.0,2.3206593426049698
32768,1,wormhole_b0,unicast,l1,all_to_all,riscv_0,83968,8x8,8x8,64,2097152,922960.0,2.2722024789806707
65536,1,wormhole_b0,unicast,l1,all_to_all,riscv_0,84992,8x8,8x8,64,4194304,1836351.0,2.284042647620199
32,16,wormhole_b0,unicast,l1,all_to_all,riscv_0,86016,8x8,8x8,64,32768,49349.0,0.6640053496524753
64,16,wormhole_b0,unicast,l1,all_to_all,riscv_0,87040,8x8,8x8,64,65536,59545.0,1.1006129817784869
128,16,wormhole_b0,unicast,l1,all_to_all,riscv_0,88064,8x8,8x8,64,131072,83160.0,1.576142376142376
256,16,wormhole_b0,unicast,l1,all_to_all,riscv_0,89088,8x8,8x8,64,262144,127188.0,2.0610749441771237
512,16,wormhole_b0,unicast,l1,all_to_all,riscv_0,90112,8x8,8x8,64,524288,233991.0,2.2406331867464986
1024,16,wormhole_b0,unicast,l1,all_to_all,riscv_0,91136,8x8,8x8,64,1048576,446584.0,2.3479927628396897
2048,16,wormhole_b0,unicast,l1,all_to_all,riscv_0,92160,8x8,8x8,64,2097152,916954.0,2.287085284539901
4096,16,wormhole_b0,unicast,l1,all_to_all,riscv_0,93184,8x8,8x8,64,4194304,1844083.0,2.2744659540812426
8192,16,wormhole_b0,unicast,l1,all_to_all,riscv_0,94208,8x8,8x8,64,8388608,3698329.0,2.2682157266159932
16384,16,wormhole_b0,unicast,l1,all_to_all,riscv_0,95232,8x8,8x8,64,16777216,7463012.0,2.2480489110830857
32768,16,wormhole_b0,unicast,l1,all_to_all,riscv_0,96256,8x8,8x8,64,33554432,14702477.0,2.2822298582749014
65536,16,wormhole_b0,unicast,l1,all_to_all,riscv_0,97280,8x8,8x8,64,67108864,29519121.0,2.2734031951696663
32,256,wormhole_b0,unicast,l1,all_to_all,riscv_0,98304,8x8,8x8,64,524288,767334.0,0.6832591804872454
64,256,wormhole_b0,unicast,l1,all_to_all,riscv_0,99328,8x8,8x8,64,1048576,916449.0,1.1441727799364723
128,256,wormhole_b0,unicast,l1,all_to_all,riscv_0,100352,8x8,8x8,64,2097152,1303914.0,1.6083514710325988
256,256,wormhole_b0,unicast,l1,all_to_all,riscv_0,101376,8x8,8x8,64,4194304,2049182.0,2.0468186817959557
512,256,wormhole_b0,unicast,l1,all_to_all,riscv_0,102400,8x8,8x8,64,8388608,3843033.0,2.1828092550857616
1024,256,wormhole_b0,unicast,l1,all_to_all,riscv_0,103424,8x8,8x8,64,16777216,7282398.0,2.3038037745259183
2048,256,wormhole_b0,unicast,l1,all_to_all,riscv_0,104448,8x8,8x8,64,33554432,14777159.0,2.270695740635937
4096,256,wormhole_b0,unicast,l1,all_to_all,riscv_0,105472,8x8,8x8,64,67108864,29697105.0,2.2597779817258283
8192,256,wormhole_b0,unicast,l1,all_to_all,riscv_0,106496,8x8,8x8,64,134217728,60030303.0,2.2358329259141003
16384,256,wormhole_b0,unicast,l1,all_to_all,riscv_0,107520,8x8,8x8,64,268435456,120494133.0,2.2277886011263304
32768,256,wormhole_b0,unicast,l1,all_to_all,riscv_0,108544,8x8,8x8,64,536870912,234276377.0,2.291613515945741
65536,256,wormhole_b0,unicast,l1,all_to_all,riscv_0,109568,8x8,8x8,64,1073741824,482827723.0,2.2238611679719145
32,1,wormhole_b0,unicast,l1,all_to_all,riscv_0,110592,2x2,1x1,4,128,354.0,0.3615819209039548
64,1,wormhole_b0,unicast,l1,all_to_all,riscv_0,111616,2x2,1x1,4,256,371.0,0.6900269541778976
128,1,wormhole_b0,unicast,l1,all_to_all,riscv_0,112640,2x2,1x1,4,512,356.0,1.4382022471910112
256,1,wormhole_b0,unicast,l1,all_to_all,riscv_0,113664,2x2,1x1,4,1024,363.0,2.8209366391184574
512,1,wormhole_b0,unicast,l1,all_to_all,riscv_0,114688,2x2,1x1,4,2048,378.0,5.417989417989418
1024,1,wormhole_b0,unicast,l1,all_to_all,riscv_0,115712,2x2,1x1,4,4096,426.0,9.615023474178404
2048,1,wormhole_b0,unicast,l1,all_to_all,riscv_0,116736,2x2,1x1,4,8192,524.0,15.633587786259541
4096,1,wormhole_b0,unicast,l1,all_to_all,riscv_0,117760,2x2,1x1,4,16384,786.0,20.844783715012724
8192,1,wormhole_b0,unicast,l1,all_to_all,riscv_0,118784,2x2,1x1,4,32768,1288.0,25.440993788819874
16384,1,wormhole_b0,unicast,l1,all_to_all,riscv_0,119808,2x2,1x1,4,65536,2352.0,27.86394557823129
32768,1,wormhole_b0,unicast,l1,all_to_all,riscv_0,120832,2x2,1x1,4,131072,4406.0,29.748524738992284
65536,1,wormhole_b0,unicast,l1,all_to_all,riscv_0,121856,2x2,1x1,4,262144,8709.0,30.100355953611206
32,16,wormhole_b0,unicast,l1,all_to_all,riscv_0,122880,2x2,1x1,4,2048,839.0,2.441001191895113
64,16,wormhole_b0,unicast,l1,all_to_all,riscv_0,123904,2x2,1x1,4,4096,841.0,4.87039239001189
128,16,wormhole_b0,unicast,l1,all_to_all,riscv_0,124928,2x2,1x1,4,8192,901.0,9.09211986681465
256,16,wormhole_b0,unicast,l1,all_to_all,riscv_0,125952,2x2,1x1,4,16384,891.0,18.388327721661057
512,16,wormhole_b0,unicast,l1,all_to_all,riscv_0,126976,2x2,1x1,4,32768,1418.0,23.108603667136812
1024,16,wormhole_b0,unicast,l1,all_to_all,riscv_0,128000,2x2,1x1,4,65536,2486.0,26.362027353177794
2048,16,wormhole_b0,unicast,l1,all_to_all,riscv_0,129024,2x2,1x1,4,131072,4576.0,28.643356643356643
4096,16,wormhole_b0,unicast,l1,all_to_all,riscv_0,130048,2x2,1x1,4,262144,8735.0,30.010761305094448
8192,16,wormhole_b0,unicast,l1,all_to_all,riscv_0,131072,2x2,1x1,4,524288,16970.0,30.894991160872127
16384,16,wormhole_b0,unicast,l1,all_to_all,riscv_0,132096,2x2,1x1,4,1048576,33772.0,31.048679379367524
32768,16,wormhole_b0,unicast,l1,all_to_all,riscv_0,133120,2x2,1x1,4,2097152,67458.0,31.088262326188147
65536,16,wormhole_b0,unicast,l1,all_to_all,riscv_0,134144,2x2,1x1,4,4194304,134623.0,31.1559243219955
32,256,wormhole_b0,unicast,l1,all_to_all,riscv_0,135168,2x2,1x1,4,32768,8520.0,3.8460093896713614
64,256,wormhole_b0,unicast,l1,all_to_all,riscv_0,136192,2x2,1x1,4,65536,8526.0,7.68660567675346
128,256,wormhole_b0,unicast,l1,all_to_all,riscv_0,137216,2x2,1x1,4,131072,8519.0,15.385843408850803
256,256,wormhole_b0,unicast,l1,all_to_all,riscv_0,138240,2x2,1x1,4,262144,11035.0,23.755686452197555
512,256,wormhole_b0,unicast,l1,all_to_all,riscv_0,139264,2x2,1x1,4,524288,18441.0,28.43056233392983
1024,256,wormhole_b0,unicast,l1,all_to_all,riscv_0,140288,2x2,1x1,4,1048576,34692.0,30.225296898420385
2048,256,wormhole_b0,unicast,l1,all_to_all,riscv_0,141312,2x2,1x1,4,2097152,68277.0,30.715350703750897
4096,256,wormhole_b0,unicast,l1,all_to_all,riscv_0,142336,2x2,1x1,4,4194304,134686.0,31.141350994164203
8192,256,wormhole_b0,unicast,l1,all_to_all,riscv_0,143360,2x2,1x1,4,8388608,269046.0,31.179084617500354
16384,256,wormhole_b0,unicast,l1,all_to_all,riscv_0,144384,2x2,1x1,4,16777216,537839.0,31.193751289884148
32768,256,wormhole_b0,unicast,l1,all_to_all,riscv_0,145408,2x2,1x1,4,33554432,1075465.0,31.199929332893213
65536,256,wormhole_b0,unicast,l1,all_to_all,riscv_0,146432,2x2,1x1,4,67108864,2150599.0,31.204731332991415
32,1,wormhole_b0,unicast,l1,all_to_all,riscv_0,147456,4x4,2x2,16,512,613.0,0.835236541598695
64,1,wormhole_b0,unicast,l1,all_to_all,riscv_0,148480,4x4,2x2,16,1024,658.0,1.5562310030395137
128,1,wormhole_b0,unicast,l1,all_to_all,riscv_0,149504,4x4,2x2,16,2048,628.0,3.261146496815287
256,1,wormhole_b0,unicast,l1,all_to_all,riscv_0,150528,4x4,2x2,16,4096,671.0,6.104321907600596
512,1,wormhole_b0,unicast,l1,all_to_all,riscv_0,151552,4x4,2x2,16,8192,855.0,9.581286549707603
1024,1,wormhole_b0,unicast,l1,all_to_all,riscv_0,152576,4x4,2x2,16,16384,1338.0,12.245142002989537
2048,1,wormhole_b0,unicast,l1,all_to_all,riscv_0,153600,4x4,2x2,16,32768,2295.0,14.277995642701525
4096,1,wormhole_b0,unicast,l1,all_to_all,riscv_0,154624,4x4,2x2,16,65536,4542.0,14.428885953324526
8192,1,wormhole_b0,unicast,l1,all_to_all,riscv_0,155648,4x4,2x2,16,131072,9184.0,14.27177700348432
16384,1,wormhole_b0,unicast,l1,all_to_all,riscv_0,156672,4x4,2x2,16,262144,18909.0,13.863451266592628
32768,1,wormhole_b0,unicast,l1,all_to_all,riscv_0,157696,4x4,2x2,16,524288,38084.0,13.766621153240205
65536,1,wormhole_b0,unicast,l1,all_to_all,riscv_0,158720,4x4,2x2,16,1048576,78781.0,13.310011297140173
32,16,wormhole_b0,unicast,l1,all_to_all,riscv_0,159744,4x4,2x2,16,8192,2878.0,2.846421125781793
64,16,wormhole_b0,unicast,l1,all_to_all,riscv_0,160768,4x4,2x2,16,16384,2990.0,5.479598662207358
128,16,wormhole_b0,unicast,l1,all_to_all,riscv_0,161792,4x4,2x2,16,32768,3663.0,8.945672945672946
256,16,wormhole_b0,unicast,l1,all_to_all,riscv_0,162816,4x4,2x2,16,65536,5727.0,11.443338571678016
512,16,wormhole_b0,unicast,l1,all_to_all,riscv_0,163840,4x4,2x2,16,131072,10633.0,12.326906799586194
1024,16,wormhole_b0,unicast,l1,all_to_all,riscv_0,164864,4x4,2x2,16,262144,20169.0,12.997372204868858
2048,16,wormhole_b0,unicast,l1,all_to_all,riscv_0,165888,4x4,2x2,16,524288,39575.0,13.247959570435881
4096,16,wormhole_b0,unicast,l1,all_to_all,riscv_0,166912,4x4,2x2,16,1048576,78169.0,13.414217912471695
8192,16,wormhole_b0,unicast,l1,all_to_all,riscv_0,167936,4x4,2x2,16,2097152,156917.0,13.364721476959156
16384,16,wormhole_b0,unicast,l1,all_to_all,riscv_0,168960,4x4,2x2,16,4194304,314938.0,13.317872089109603
32768,16,wormhole_b0,unicast,l1,all_to_all,riscv_0,169984,4x4,2x2,16,8388608,628855.0,13.33949479609767
65536,16,wormhole_b0,unicast,l1,all_to_all,riscv_0,171008,4x4,2x2,16,16777216,1260563.0,13.309303858672672
32,256,wormhole_b0,unicast,l1,all_to_all,riscv_0,172032,4x4,2x2,16,131072,47198.0,2.7770668248654604
64,256,wormhole_b0,unicast,l1,all_to_all,riscv_0,173056,4x4,2x2,16,262144,50486.0,5.192409776967872
128,256,wormhole_b0,unicast,l1,all_to_all,riscv_0,174080,4x4,2x2,16,524288,59865.0,8.757838469890586
256,256,wormhole_b0,unicast,l1,all_to_all,riscv_0,175104,4x4,2x2,16,1048576,92770.0,11.302964320362186
512,256,wormhole_b0,unicast,l1,all_to_all,riscv_0,176128,4x4,2x2,16,2097152,169279.0,12.388731029838315
1024,256,wormhole_b0,unicast,l1,all_to_all,riscv_0,177152,4x4,2x2,16,4194304,324266.0,12.93476343495772
2048,256,wormhole_b0,unicast,l1,all_to_all,riscv_0,178176,4x4,2x2,16,8388608,636669.0,13.17577579558609
4096,256,wormhole_b0,unicast,l1,all_to_all,riscv_0,179200,4x4,2x2,16,16777216,1253728.0,13.381862732586335
8192,256,wormhole_b0,unicast,l1,all_to_all,riscv_0,180224,4x4,2x2,16,33554432,2522037.0,13.304496325787449
16384,256,wormhole_b0,unicast,l1,all_to_all,riscv_0,181248,4x4,2x2,16,67108864,5044565.0,13.303201366222856
32768,256,wormhole_b0,unicast,l1,all_to_all,riscv_0,182272,4x4,2x2,16,134217728,10095656.0,13.294601955534143
65536,256,wormhole_b0,unicast,l1,all_to_all,riscv_0,183296,4x4,2x2,16,268435456,20194768.0,13.292326804645638
32,1,wormhole_b0,unicast,l1,all_to_all,riscv_0,184320,2x2,4x4,4,128,1320.0,0.09696969696969697
64,1,wormhole_b0,unicast,l1,all_to_all,riscv_0,185344,2x2,4x4,4,256,1185.0,0.2160337552742616
128,1,wormhole_b0,unicast,l1,all_to_all,riscv_0,186368,2x2,4x4,4,512,1214.0,0.42174629324546953
256,1,wormhole_b0,unicast,l1,all_to_all,riscv_0,187392,2x2,4x4,4,1024,1155.0,0.8865800865800866
512,1,wormhole_b0,unicast,l1,all_to_all,riscv_0,188416,2x2,4x4,4,2048,1150.0,1.7808695652173914
1024,1,wormhole_b0,unicast,l1,all_to_all,riscv_0,189440,2x2,4x4,4,4096,1478.0,2.7713125845737485
2048,1,wormhole_b0,unicast,l1,all_to_all,riscv_0,190464,2x2,4x4,4,8192,2435.0,3.364271047227926
4096,1,wormhole_b0,unicast,l1,all_to_all,riscv_0,191488,2x2,4x4,4,16384,4721.0,3.4704511755983902
8192,1,wormhole_b0,unicast,l1,all_to_all,riscv_0,192512,2x2,4x4,4,32768,9810.0,3.34026503567788
16384,1,wormhole_b0,unicast,l1,all_to_all,riscv_0,193536,2x2,4x4,4,65536,18079.0,3.6249792577023063
32768,1,wormhole_b0,unicast,l1,all_to_all,riscv_0,194560,2x2,4x4,4,131072,38443.0,3.4095153864162526
65536,1,wormhole_b0,unicast,l1,all_to_all,riscv_0,195584,2x2,4x4,4,262144,76865.0,3.410446887399987
32,16,wormhole_b0,unicast,l1,all_to_all,riscv_0,196608,2x2,4x4,4,2048,9365.0,0.21868659903897492
64,16,wormhole_b0,unicast,l1,all_to_all,riscv_0,197632,2x2,4x4,4,4096,9354.0,0.4378875347444943
128,16,wormhole_b0,unicast,l1,all_to_all,riscv_0,198656,2x2,4x4,4,8192,10289.0,0.7961901059383808
256,16,wormhole_b0,unicast,l1,all_to_all,riscv_0,199680,2x2,4x4,4,16384,9832.0,1.6663954434499593
512,16,wormhole_b0,unicast,l1,all_to_all,riscv_0,200704,2x2,4x4,4,32768,11825.0,2.7710782241014797
1024,16,wormhole_b0,unicast,l1,all_to_all,riscv_0,201728,2x2,4x4,4,65536,20690.0,3.1675205413243113
2048,16,wormhole_b0,unicast,l1,all_to_all,riscv_0,202752,2x2,4x4,4,131072,39668.0,3.304225068064939
4096,16,wormhole_b0,unicast,l1,all_to_all,riscv_0,203776,2x2,4x4,4,262144,78768.0,3.3280520008125127
8192,16,wormhole_b0,unicast,l1,all_to_all,riscv_0,204800,2x2,4x4,4,524288,154521.0,3.392988655263686
16384,16,wormhole_b0,unicast,l1,all_to_all,riscv_0,205824,2x2,4x4,4,1048576,308939.0,3.39411987479729
32768,16,wormhole_b0,unicast,l1,all_to_all,riscv_0,206848,2x2,4x4,4,2097152,621368.0,3.3750563273293763
65536,16,wormhole_b0,unicast,l1,all_to_all,riscv_0,207872,2x2,4x4,4,4194304,1236135.0,3.3930792348732135
32,256,wormhole_b0,unicast,l1,all_to_all,riscv_0,208896,2x2,4x4,4,32768,154944.0,0.21148285832300703
64,256,wormhole_b0,unicast,l1,all_to_all,riscv_0,209920,2x2,4x4,4,65536,138647.0,0.4726824237091318
128,256,wormhole_b0,unicast,l1,all_to_all,riscv_0,210944,2x2,4x4,4,131072,138635.0,0.9454466765246872
256,256,wormhole_b0,unicast,l1,all_to_all,riscv_0,211968,2x2,4x4,4,262144,150824.0,1.7380788203468944
512,256,wormhole_b0,unicast,l1,all_to_all,riscv_0,212992,2x2,4x4,4,524288,194905.0,2.68996690695467
1024,256,wormhole_b0,unicast,l1,all_to_all,riscv_0,214016,2x2,4x4,4,1048576,344493.0,3.043823822254734
2048,256,wormhole_b0,unicast,l1,all_to_all,riscv_0,215040,2x2,4x4,4,2097152,626039.0,3.349874368849225
4096,256,wormhole_b0,unicast,l1,all_to_all,riscv_0,216064,2x2,4x4,4,4194304,1254736.0,3.3427780824013977
8192,256,wormhole_b0,unicast,l1,all_to_all,riscv_0,217088,2x2,4x4,4,8388608,2471283.0,3.394434388938863
16384,256,wormhole_b0,unicast,l1,all_to_all,riscv_0,218112,2x2,4x4,4,16777216,4934429.0,3.4000318983209605
32768,256,wormhole_b0,unicast,l1,all_to_all,riscv_0,219136,2x2,4x4,4,33554432,9874150.0,3.3982096686803422
65536,256,wormhole_b0,unicast,l1,all_to_all,riscv_0,220160,2x2,4x4,4,67108864,19758869.0,3.396391969601094
32,1,wormhole_b0,unicast,l1,all_to_all,riscv_0,221184,4x4,1x1,16,512,448.0,1.1428571428571428
64,1,wormhole_b0,unicast,l1,all_to_all,riscv_0,222208,4x4,1x1,16,1024,439.0,2.3325740318906605
128,1,wormhole_b0,unicast,l1,all_to_all,riscv_0,223232,4x4,1x1,16,2048,453.0,4.520971302428256
256,1,wormhole_b0,unicast,l1,all_to_all,riscv_0,224256,4x4,1x1,16,4096,475.0,8.623157894736842
512,1,wormhole_b0,unicast,l1,all_to_all,riscv_0,225280,4x4,1x1,16,8192,611.0,13.407528641571195
1024,1,wormhole_b0,unicast,l1,all_to_all,riscv_0,226304,4x4,1x1,16,16384,859.0,19.073341094295692
2048,1,wormhole_b0,unicast,l1,all_to_all,riscv_0,227328,4x4,1x1,16,32768,1369.0,23.93571950328707
4096,1,wormhole_b0,unicast,l1,all_to_all,riscv_0,228352,4x4,1x1,16,65536,2437.0,26.892080426754205
8192,1,wormhole_b0,unicast,l1,all_to_all,riscv_0,229376,4x4,1x1,16,131072,4498.0,29.14006224988884
16384,1,wormhole_b0,unicast,l1,all_to_all,riscv_0,230400,4x4,1x1,16,262144,8691.0,30.162697042917962
32768,1,wormhole_b0,unicast,l1,all_to_all,riscv_0,231424,4x4,1x1,16,524288,17095.0,30.66908452763966
65536,1,wormhole_b0,unicast,l1,all_to_all,riscv_0,232448,4x4,1x1,16,1048576,33743.0,31.075363779154195
32,16,wormhole_b0,unicast,l1,all_to_all,riscv_0,233472,4x4,1x1,16,8192,1269.0,6.455476753349094
64,16,wormhole_b0,unicast,l1,all_to_all,riscv_0,234496,4x4,1x1,16,16384,1358.0,12.06480117820324
128,16,wormhole_b0,unicast,l1,all_to_all,riscv_0,235520,4x4,1x1,16,32768,1658.0,19.76357056694813
256,16,wormhole_b0,unicast,l1,all_to_all,riscv_0,236544,4x4,1x1,16,65536,2683.0,24.42638837122624
512,16,wormhole_b0,unicast,l1,all_to_all,riscv_0,237568,4x4,1x1,16,131072,4729.0,27.716641996193697
1024,16,wormhole_b0,unicast,l1,all_to_all,riscv_0,238592,4x4,1x1,16,262144,8913.0,29.411421519129362
2048,16,wormhole_b0,unicast,l1,all_to_all,riscv_0,239616,4x4,1x1,16,524288,17221.0,30.444689623134543
4096,16,wormhole_b0,unicast,l1,all_to_all,riscv_0,240640,4x4,1x1,16,1048576,33806.0,31.01745252322073
8192,16,wormhole_b0,unicast,l1,all_to_all,riscv_0,241664,4x4,1x1,16,2097152,67229.0,31.194157283315235
16384,16,wormhole_b0,unicast,l1,all_to_all,riscv_0,242688,4x4,1x1,16,4194304,134146.0,31.266709406169397
32768,16,wormhole_b0,unicast,l1,all_to_all,riscv_0,243712,4x4,1x1,16,8388608,267897.0,31.312810520461223
65536,16,wormhole_b0,unicast,l1,all_to_all,riscv_0,244736,4x4,1x1,16,16777216,535039.0,31.356996405869477
32,256,wormhole_b0,unicast,l1,all_to_all,riscv_0,245760,4x4,1x1,16,131072,17777.0,7.373122574112617
64,256,wormhole_b0,unicast,l1,all_to_all,riscv_0,246784,4x4,1x1,16,262144,19046.0,13.763729917042948
128,256,wormhole_b0,unicast,l1,all_to_all,riscv_0,247808,4x4,1x1,16,524288,23869.0,21.965226863295488
256,256,wormhole_b0,unicast,l1,all_to_all,riscv_0,248832,4x4,1x1,16,1048576,39849.0,26.31373434716053
512,256,wormhole_b0,unicast,l1,all_to_all,riscv_0,249856,4x4,1x1,16,2097152,70695.0,29.664785345498267
1024,256,wormhole_b0,unicast,l1,all_to_all,riscv_0,250880,4x4,1x1,16,4194304,136560.0,30.714001171646164
2048,256,wormhole_b0,unicast,l1,all_to_all,riscv_0,251904,4x4,1x1,16,8388608,269522.0,31.124019560555354
4096,256,wormhole_b0,unicast,l1,all_to_all,riscv_0,252928,4x4,1x1,16,16777216,535576.0,31.32555603686498
8192,256,wormhole_b0,unicast,l1,all_to_all,riscv_0,253952,4x4,1x1,16,33554432,1071044.0,31.328714786694103
16384,256,wormhole_b0,unicast,l1,all_to_all,riscv_0,254976,4x4,1x1,16,67108864,2140508.0,31.351839843625907
32768,256,wormhole_b0,unicast,l1,all_to_all,riscv_0,256000,4x4,1x1,16,134217728,4290380.0,31.28341265808623
65536,256,wormhole_b0,unicast,l1,all_to_all,riscv_0,257024,4x4,1x1,16,268435456,8556202.0,31.37320226895064
32,1,wormhole_b0,unicast,l1,all_to_all,riscv_0,258048,8x8,4x4,64,2048,1421.0,1.4412385643912737
64,1,wormhole_b0,unicast,l1,all_to_all,riscv_0,259072,8x8,4x4,64,4096,1624.0,2.522167487684729
128,1,wormhole_b0,unicast,l1,all_to_all,riscv_0,260096,8x8,4x4,64,8192,2101.0,3.8990956687291765
256,1,wormhole_b0,unicast,l1,all_to_all,riscv_0,261120,8x8,4x4,64,16384,3314.0,4.943874471937236
512,1,wormhole_b0,unicast,l1,all_to_all,riscv_0,262144,8x8,4x4,64,32768,6090.0,5.380623973727422
1024,1,wormhole_b0,unicast,l1,all_to_all,riscv_0,263168,8x8,4x4,64,65536,11326.0,5.786332332685856
2048,1,wormhole_b0,unicast,l1,all_to_all,riscv_0,264192,8x8,4x4,64,131072,21686.0,6.044083740662178
4096,1,wormhole_b0,unicast,l1,all_to_all,riscv_0,265216,8x8,4x4,64,262144,44449.0,5.897635492362033
8192,1,wormhole_b0,unicast,l1,all_to_all,riscv_0,266240,8x8,4x4,64,524288,86805.0,6.039836414953056
16384,1,wormhole_b0,unicast,l1,all_to_all,riscv_0,267264,8x8,4x4,64,1048576,175539.0,5.9734645862173075
32768,1,wormhole_b0,unicast,l1,all_to_all,riscv_0,268288,8x8,4x4,64,2097152,348801.0,6.012459826663341
65536,1,wormhole_b0,unicast,l1,all_to_all,riscv_0,269312,8x8,4x4,64,4194304,698463.0,6.005048227321991
32,16,wormhole_b0,unicast,l1,all_to_all,riscv_0,270336,8x8,4x4,64,32768,17461.0,1.8766393677338067
64,16,wormhole_b0,unicast,l1,all_to_all,riscv_0,271360,8x8,4x4,64,65536,21210.0,3.08986327204149
128,16,wormhole_b0,unicast,l1,all_to_all,riscv_0,272384,8x8,4x4,64,131072,31364.0,4.179058793521235
256,16,wormhole_b0,unicast,l1,all_to_all,riscv_0,273408,8x8,4x4,64,262144,51876.0,5.053280900609145
512,16,wormhole_b0,unicast,l1,all_to_all,riscv_0,274432,8x8,4x4,64,524288,92707.0,5.655322683292524
1024,16,wormhole_b0,unicast,l1,all_to_all,riscv_0,275456,8x8,4x4,64,1048576,184511.0,5.682999929543496
2048,16,wormhole_b0,unicast,l1,all_to_all,riscv_0,276480,8x8,4x4,64,2097152,352938.0,5.941984144523968
4096,16,wormhole_b0,unicast,l1,all_to_all,riscv_0,277504,8x8,4x4,64,4194304,707672.0,5.926903989418827
8192,16,wormhole_b0,unicast,l1,all_to_all,riscv_0,278528,8x8,4x4,64,8388608,1426184.0,5.88185535667207
16384,16,wormhole_b0,unicast,l1,all_to_all,riscv_0,279552,8x8,4x4,64,16777216,2770879.0,6.054835306774493
32768,16,wormhole_b0,unicast,l1,all_to_all,riscv_0,280576,8x8,4x4,64,33554432,5690492.0,5.896578362644214
65536,16,wormhole_b0,unicast,l1,all_to_all,riscv_0,281600,8x8,4x4,64,67108864,11096959.0,6.047500400785476
32,256,wormhole_b0,unicast,l1,all_to_all,riscv_0,282624,8x8,4x4,64,524288,290684.0,1.8036355630168843
64,256,wormhole_b0,unicast,l1,all_to_all,riscv_0,283648,8x8,4x4,64,1048576,337528.0,3.1066341162807234
128,256,wormhole_b0,unicast,l1,all_to_all,riscv_0,284672,8x8,4x4,64,2097152,505812.0,4.1461096217567
256,256,wormhole_b0,unicast,l1,all_to_all,riscv_0,285696,8x8,4x4,64,4194304,835838.0,5.01808245138412
512,256,wormhole_b0,unicast,l1,all_to_all,riscv_0,286720,8x8,4x4,64,8388608,1573613.0,5.330794801517273
1024,256,wormhole_b0,unicast,l1,all_to_all,riscv_0,287744,8x8,4x4,64,16777216,2903343.0,5.778585582206443
2048,256,wormhole_b0,unicast,l1,all_to_all,riscv_0,288768,8x8,4x4,64,33554432,5704430.0,5.882170874215303
4096,256,wormhole_b0,unicast,l1,all_to_all,riscv_0,289792,8x8,4x4,64,67108864,11078011.0,6.057844138266336
8192,256,wormhole_b0,unicast,l1,all_to_all,riscv_0,290816,8x8,4x4,64,134217728,22756530.0,5.8979874348154135
16384,256,wormhole_b0,unicast,l1,all_to_all,riscv_0,291840,8x8,4x4,64,268435456,45554208.0,5.892659927267312
32768,256,wormhole_b0,unicast,l1,all_to_all,riscv_0,292864,8x8,4x4,64,536870912,91123334.0,5.891695227042505
65536,256,wormhole_b0,unicast,l1,all_to_all,riscv_0,293888,8x8,4x4,64,1073741824,183462601.0,5.852646905403898
32,1,wormhole_b0,unicast,l1,all_to_all,riscv_0,294912,4x4,8x8,16,512,3873.0,0.1321972631035373
64,1,wormhole_b0,unicast,l1,all_to_all,riscv_0,295936,4x4,8x8,16,1024,4020.0,0.25472636815920396
128,1,wormhole_b0,unicast,l1,all_to_all,riscv_0,296960,4x4,8x8,16,2048,3956.0,0.5176946410515673
256,1,wormhole_b0,unicast,l1,all_to_all,riscv_0,297984,4x4,8x8,16,4096,3980.0,1.0291457286432162
512,1,wormhole_b0,unicast,l1,all_to_all,riscv_0,299008,4x4,8x8,16,8192,6432.0,1.2736318407960199
1024,1,wormhole_b0,unicast,l1,all_to_all,riscv_0,300032,4x4,8x8,16,16384,11494.0,1.4254393596659127
2048,1,wormhole_b0,unicast,l1,all_to_all,riscv_0,301056,4x4,8x8,16,32768,22486.0,1.4572622965400694
4096,1,wormhole_b0,unicast,l1,all_to_all,riscv_0,302080,4x4,8x8,16,65536,45784.0,1.4314170889393674
8192,1,wormhole_b0,unicast,l1,all_to_all,riscv_0,303104,4x4,8x8,16,131072,91478.0,1.4328253787795973
16384,1,wormhole_b0,unicast,l1,all_to_all,riscv_0,304128,4x4,8x8,16,262144,179707.0,1.4587300439048005
32768,1,wormhole_b0,unicast,l1,all_to_all,riscv_0,305152,4x4,8x8,16,524288,359408.0,1.458754396118061
65536,1,wormhole_b0,unicast,l1,all_to_all,riscv_0,306176,4x4,8x8,16,1048576,700262.0,1.4974052568895642
32,16,wormhole_b0,unicast,l1,all_to_all,riscv_0,307200,4x4,8x8,16,8192,36134.0,0.22671168428626778
64,16,wormhole_b0,unicast,l1,all_to_all,riscv_0,308224,4x4,8x8,16,16384,37534.0,0.4365108967869132
128,16,wormhole_b0,unicast,l1,all_to_all,riscv_0,309248,4x4,8x8,16,32768,43705.0,0.7497540327193685
256,16,wormhole_b0,unicast,l1,all_to_all,riscv_0,310272,4x4,8x8,16,65536,56449.0,1.1609771652287906
512,16,wormhole_b0,unicast,l1,all_to_all,riscv_0,311296,4x4,8x8,16,131072,94735.0,1.3835646804243416
1024,16,wormhole_b0,unicast,l1,all_to_all,riscv_0,312320,4x4,8x8,16,262144,179682.0,1.4589330038623791
2048,16,wormhole_b0,unicast,l1,all_to_all,riscv_0,313344,4x4,8x8,16,524288,354503.0,1.4789381190004034
4096,16,wormhole_b0,unicast,l1,all_to_all,riscv_0,314368,4x4,8x8,12,786432,631612.0,1.2451188387807706
8192,16,wormhole_b0,unicast,l1,all_to_all,riscv_0,315392,4x4,8x8,12,1572864,1249335.0,1.2589609672345687
16384,16,wormhole_b0,unicast,l1,all_to_all,riscv_0,316416,4x4,8x8,12,3145728,2509077.0,1.2537391239886222
32768,16,wormhole_b0,unicast,l1,all_to_all,riscv_0,317440,4x4,8x8,12,6291456,4984688.0,1.2621564278446313
65536,16,wormhole_b0,unicast,l1,all_to_all,riscv_0,318464,4x4,8x8,12,12582912,9991424.0,1.2593712367726562
32,256,wormhole_b0,unicast,l1,all_to_all,riscv_0,319488,4x4,8x8,12,98304,595854.0,0.16498001188210534
64,256,wormhole_b0,unicast,l1,all_to_all,riscv_0,320512,4x4,8x8,12,196608,566049.0,0.3473338880556277
128,256,wormhole_b0,unicast,l1,all_to_all,riscv_0,321536,4x4,8x8,12,393216,621653.0,0.6325329404024431
256,256,wormhole_b0,unicast,l1,all_to_all,riscv_0,322560,4x4,8x8,12,786432,815384.0,0.964492803390795
512,256,wormhole_b0,unicast,l1,all_to_all,riscv_0,323584,4x4,8x8,12,1572864,1349050.0,1.1659048960379526
1024,256,wormhole_b0,unicast,l1,all_to_all,riscv_0,324608,4x4,8x8,12,3145728,2557803.0,1.2298554658040515
2048,256,wormhole_b0,unicast,l1,all_to_all,riscv_0,325632,4x4,8x8,12,6291456,5038410.0,1.248698696612622
4096,256,wormhole_b0,unicast,l1,all_to_all,riscv_0,326656,4x4,8x8,12,12582912,10018788.0,1.2559315557929762
8192,256,wormhole_b0,unicast,l1,all_to_all,riscv_0,327680,4x4,8x8,12,25165824,19954991.0,1.2611293084522062
16384,256,wormhole_b0,unicast,l1,all_to_all,riscv_0,328704,4x4,8x8,12,50331648,39867140.0,1.2624845424076068
32768,256,wormhole_b0,unicast,l1,all_to_all,riscv_0,329728,4x4,8x8,12,100663296,80400172.0,1.2520283663074752
65536,256,wormhole_b0,unicast,l1,all_to_all,riscv_0,330752,4x4,8x8,12,201326592,160005071.0,1.2582513212971855
