Transaction Size (bytes),Number of Transactions,Architecture,RISC-V Processor,Run Host ID,Number of subordinates,Pattern,Same axis,Mechanism,Stateful,NoC Index,Loopback,Memory type,Latency (cycles),Bandwidth (bytes/cycle)
64,1,blackhole,riscv_1,0,L1,unicast,one_from_one,True,True,False,0,1,229.0,0.2794759825327511
128,1,blackhole,riscv_1,1024,L1,unicast,one_from_one,True,True,False,0,1,228.0,0.5614035087719298
256,1,blackhole,riscv_1,2048,L1,unicast,one_from_one,True,True,False,0,1,228.0,1.1228070175438596
512,1,blackhole,riscv_1,3072,L1,unicast,one_from_one,True,True,False,0,1,236.0,2.169491525423729
1024,1,blackhole,riscv_1,4096,L1,unicast,one_from_one,True,True,False,0,1,244.0,4.19672131147541
2048,1,blackhole,riscv_1,5120,L1,unicast,one_from_one,True,True,False,0,1,262.0,7.816793893129771
4096,1,blackhole,riscv_1,6144,L1,unicast,one_from_one,True,True,False,0,1,293.0,13.979522184300341
8192,1,blackhole,riscv_1,7168,L1,unicast,one_from_one,True,True,False,0,1,365.0,22.443835616438356
16384,1,blackhole,riscv_1,8192,L1,unicast,one_from_one,True,True,False,0,1,492.0,33.300813008130085
32768,1,blackhole,riscv_1,9216,L1,unicast,one_from_one,True,True,False,0,1,764.0,42.890052356020945
65536,1,blackhole,riscv_1,10240,L1,unicast,one_from_one,True,True,False,0,1,1310.0,50.027480916030534
64,4,blackhole,riscv_1,11264,L1,unicast,one_from_one,True,True,False,0,1,318.0,0.8050314465408805
128,4,blackhole,riscv_1,12288,L1,unicast,one_from_one,True,True,False,0,1,321.0,1.5950155763239875
256,4,blackhole,riscv_1,13312,L1,unicast,one_from_one,True,True,False,0,1,318.0,3.220125786163522
512,4,blackhole,riscv_1,14336,L1,unicast,one_from_one,True,True,False,0,1,327.0,6.2629969418960245
1024,4,blackhole,riscv_1,15360,L1,unicast,one_from_one,True,True,False,0,1,335.0,12.226865671641791
2048,4,blackhole,riscv_1,16384,L1,unicast,one_from_one,True,True,False,0,1,369.0,22.200542005420054
4096,4,blackhole,riscv_1,17408,L1,unicast,one_from_one,True,True,False,0,1,495.0,33.0989898989899
8192,4,blackhole,riscv_1,18432,L1,unicast,one_from_one,True,True,False,0,1,766.0,42.778067885117494
16384,4,blackhole,riscv_1,19456,L1,unicast,one_from_one,True,True,False,0,1,1318.0,49.72382397572079
32768,4,blackhole,riscv_1,20480,L1,unicast,one_from_one,True,True,False,0,1,2359.0,55.562526494277236
65536,4,blackhole,riscv_1,21504,L1,unicast,one_from_one,True,True,False,0,1,4486.0,58.436023183236735
64,16,blackhole,riscv_1,22528,L1,unicast,one_from_one,True,True,False,0,1,727.0,1.4085281980742779
128,16,blackhole,riscv_1,23552,L1,unicast,one_from_one,True,True,False,0,1,726.0,2.8209366391184574
256,16,blackhole,riscv_1,24576,L1,unicast,one_from_one,True,True,False,0,1,735.0,5.572789115646258
512,16,blackhole,riscv_1,25600,L1,unicast,one_from_one,True,True,False,0,1,735.0,11.145578231292516
1024,16,blackhole,riscv_1,26624,L1,unicast,one_from_one,True,True,False,0,1,743.0,22.05114401076716
2048,16,blackhole,riscv_1,27648,L1,unicast,one_from_one,True,True,False,0,1,784.0,41.795918367346935
4096,16,blackhole,riscv_1,28672,L1,unicast,one_from_one,True,True,False,0,1,1326.0,49.4238310708899
8192,16,blackhole,riscv_1,29696,L1,unicast,one_from_one,True,True,False,0,1,2374.0,55.21145745577085
16384,16,blackhole,riscv_1,30720,L1,unicast,one_from_one,True,True,False,0,1,4527.0,57.90678153302408
32768,16,blackhole,riscv_1,31744,L1,unicast,one_from_one,True,True,False,0,1,8753.0,59.8980920827145
65536,16,blackhole,riscv_1,32768,L1,unicast,one_from_one,True,True,False,0,1,17297.0,60.62184193790831
64,64,blackhole,riscv_1,33792,L1,unicast,one_from_one,True,True,False,0,1,2360.0,1.735593220338983
128,64,blackhole,riscv_1,34816,L1,unicast,one_from_one,True,True,False,0,1,2359.0,3.4726579058923273
256,64,blackhole,riscv_1,35840,L1,unicast,one_from_one,True,True,False,0,1,2358.0,6.948261238337574
512,64,blackhole,riscv_1,36864,L1,unicast,one_from_one,True,True,False,0,1,2368.0,13.837837837837839
1024,64,blackhole,riscv_1,37888,L1,unicast,one_from_one,True,True,False,0,1,2375.0,27.594105263157896
2048,64,blackhole,riscv_1,38912,L1,unicast,one_from_one,True,True,False,0,1,2462.0,53.23801787164906
4096,64,blackhole,riscv_1,39936,L1,unicast,one_from_one,True,True,False,0,1,4570.0,57.36192560175055
8192,64,blackhole,riscv_1,40960,L1,unicast,one_from_one,True,True,False,0,1,8759.0,59.857061308368536
16384,64,blackhole,riscv_1,41984,L1,unicast,one_from_one,True,True,False,0,1,17311.0,60.57281497313847
32768,64,blackhole,riscv_1,43008,L1,unicast,one_from_one,True,True,False,0,1,34345.0,61.06134808560198
65536,64,blackhole,riscv_1,44032,L1,unicast,one_from_one,True,True,False,0,1,68220.0,61.48202873057755
64,256,blackhole,riscv_1,45056,L1,unicast,one_from_one,True,True,False,0,1,8886.0,1.8437992347512941
128,256,blackhole,riscv_1,46080,L1,unicast,one_from_one,True,True,False,0,1,8886.0,3.6875984695025883
256,256,blackhole,riscv_1,47104,L1,unicast,one_from_one,True,True,False,0,1,8888.0,7.373537353735373
512,256,blackhole,riscv_1,48128,L1,unicast,one_from_one,True,True,False,0,1,8897.0,14.732156906822524
1024,256,blackhole,riscv_1,49152,L1,unicast,one_from_one,True,True,False,0,1,8904.0,29.44115004492363
2048,256,blackhole,riscv_1,50176,L1,unicast,one_from_one,True,True,False,0,1,9000.0,58.254222222222225
4096,256,blackhole,riscv_1,51200,L1,unicast,one_from_one,True,True,False,0,1,17462.0,60.04902073072959
8192,256,blackhole,riscv_1,52224,L1,unicast,one_from_one,True,True,False,0,1,34342.0,61.06668219672704
16384,256,blackhole,riscv_1,53248,L1,unicast,one_from_one,True,True,False,0,1,68247.0,61.4577051005905
32768,256,blackhole,riscv_1,54272,L1,unicast,one_from_one,True,True,False,0,1,136271.0,61.55827725634948
65536,256,blackhole,riscv_1,55296,L1,unicast,one_from_one,True,True,False,0,1,273028.0,61.448701232108064
64,1,blackhole,riscv_1,56320,L1,unicast,one_from_one,True,False,False,0,1,236.0,0.2711864406779661
128,1,blackhole,riscv_1,57344,L1,unicast,one_from_one,True,False,False,0,1,219.0,0.5844748858447488
256,1,blackhole,riscv_1,58368,L1,unicast,one_from_one,True,False,False,0,1,241.0,1.062240663900415
512,1,blackhole,riscv_1,59392,L1,unicast,one_from_one,True,False,False,0,1,238.0,2.1512605042016806
1024,1,blackhole,riscv_1,60416,L1,unicast,one_from_one,True,False,False,0,1,246.0,4.162601626016261
2048,1,blackhole,riscv_1,61440,L1,unicast,one_from_one,True,False,False,0,1,252.0,8.126984126984127
4096,1,blackhole,riscv_1,62464,L1,unicast,one_from_one,True,False,False,0,1,294.0,13.931972789115646
8192,1,blackhole,riscv_1,63488,L1,unicast,one_from_one,True,False,False,0,1,355.0,23.07605633802817
16384,1,blackhole,riscv_1,64512,L1,unicast,one_from_one,True,False,False,0,1,483.0,33.92132505175984
32768,1,blackhole,riscv_1,65536,L1,unicast,one_from_one,True,False,False,0,1,757.0,43.28665785997358
65536,1,blackhole,riscv_1,66560,L1,unicast,one_from_one,True,False,False,0,1,1305.0,50.21915708812261
64,4,blackhole,riscv_1,67584,L1,unicast,one_from_one,True,False,False,0,1,318.0,0.8050314465408805
128,4,blackhole,riscv_1,68608,L1,unicast,one_from_one,True,False,False,0,1,312.0,1.641025641025641
256,4,blackhole,riscv_1,69632,L1,unicast,one_from_one,True,False,False,0,1,307.0,3.3355048859934855
512,4,blackhole,riscv_1,70656,L1,unicast,one_from_one,True,False,False,0,1,328.0,6.2439024390243905
1024,4,blackhole,riscv_1,71680,L1,unicast,one_from_one,True,False,False,0,1,325.0,12.603076923076923
2048,4,blackhole,riscv_1,72704,L1,unicast,one_from_one,True,False,False,0,1,358.0,22.88268156424581
4096,4,blackhole,riscv_1,73728,L1,unicast,one_from_one,True,False,False,0,1,492.0,33.300813008130085
8192,4,blackhole,riscv_1,74752,L1,unicast,one_from_one,True,False,False,0,1,768.0,42.666666666666664
16384,4,blackhole,riscv_1,75776,L1,unicast,one_from_one,True,False,False,0,1,1309.0,50.06569900687548
32768,4,blackhole,riscv_1,76800,L1,unicast,one_from_one,True,False,False,0,1,2371.0,55.28131590046394
65536,4,blackhole,riscv_1,77824,L1,unicast,one_from_one,True,False,False,0,1,4492.0,58.357969723953694
64,16,blackhole,riscv_1,78848,L1,unicast,one_from_one,True,False,False,0,1,724.0,1.4143646408839778
128,16,blackhole,riscv_1,79872,L1,unicast,one_from_one,True,False,False,0,1,728.0,2.8131868131868134
256,16,blackhole,riscv_1,80896,L1,unicast,one_from_one,True,False,False,0,1,729.0,5.618655692729766
512,16,blackhole,riscv_1,81920,L1,unicast,one_from_one,True,False,False,0,1,742.0,11.040431266846362
1024,16,blackhole,riscv_1,82944,L1,unicast,one_from_one,True,False,False,0,1,743.0,22.05114401076716
2048,16,blackhole,riscv_1,83968,L1,unicast,one_from_one,True,False,False,0,1,770.0,42.555844155844156
4096,16,blackhole,riscv_1,84992,L1,unicast,one_from_one,True,False,False,0,1,1319.0,49.68612585291888
8192,16,blackhole,riscv_1,86016,L1,unicast,one_from_one,True,False,False,0,1,2375.0,55.18821052631579
16384,16,blackhole,riscv_1,87040,L1,unicast,one_from_one,True,False,False,0,1,4486.0,58.436023183236735
32768,16,blackhole,riscv_1,88064,L1,unicast,one_from_one,True,False,False,0,1,8763.0,59.8297386739701
65536,16,blackhole,riscv_1,89088,L1,unicast,one_from_one,True,False,False,0,1,17276.0,60.69553137300301
64,64,blackhole,riscv_1,90112,L1,unicast,one_from_one,True,False,False,0,1,2409.0,1.7002905770029058
128,64,blackhole,riscv_1,91136,L1,unicast,one_from_one,True,False,False,0,1,2407.0,3.403406730369755
256,64,blackhole,riscv_1,92160,L1,unicast,one_from_one,True,False,False,0,1,2407.0,6.80681346073951
512,64,blackhole,riscv_1,93184,L1,unicast,one_from_one,True,False,False,0,1,2415.0,13.568530020703934
1024,64,blackhole,riscv_1,94208,L1,unicast,one_from_one,True,False,False,0,1,2433.0,26.936292642827784
2048,64,blackhole,riscv_1,95232,L1,unicast,one_from_one,True,False,False,0,1,2443.0,53.65206713057716
4096,64,blackhole,riscv_1,96256,L1,unicast,one_from_one,True,False,False,0,1,4580.0,57.236681222707425
8192,64,blackhole,riscv_1,97280,L1,unicast,one_from_one,True,False,False,0,1,8768.0,59.7956204379562
16384,64,blackhole,riscv_1,98304,L1,unicast,one_from_one,True,False,False,0,1,17208.0,60.93537889353789
32768,64,blackhole,riscv_1,99328,L1,unicast,one_from_one,True,False,False,0,1,34274.0,61.18783917838595
65536,64,blackhole,riscv_1,100352,L1,unicast,one_from_one,True,False,False,0,1,68360.0,61.356114686951436
64,256,blackhole,riscv_1,101376,L1,unicast,one_from_one,True,False,False,0,1,9128.0,1.7949167397020158
128,256,blackhole,riscv_1,102400,L1,unicast,one_from_one,True,False,False,0,1,9126.0,3.5906202060048216
256,256,blackhole,riscv_1,103424,L1,unicast,one_from_one,True,False,False,0,1,9127.0,7.180453599211132
512,256,blackhole,riscv_1,104448,L1,unicast,one_from_one,True,False,False,0,1,9136.0,14.34676007005254
1024,256,blackhole,riscv_1,105472,L1,unicast,one_from_one,True,False,False,0,1,9144.0,28.668416447944008
2048,256,blackhole,riscv_1,106496,L1,unicast,one_from_one,True,False,False,0,1,9163.0,57.2179417221434
4096,256,blackhole,riscv_1,107520,L1,unicast,one_from_one,True,False,False,0,1,17470.0,60.021522610188896
8192,256,blackhole,riscv_1,108544,L1,unicast,one_from_one,True,False,False,0,1,34401.0,60.96194878055871
16384,256,blackhole,riscv_1,109568,L1,unicast,one_from_one,True,False,False,0,1,68231.0,61.472116779762864
32768,256,blackhole,riscv_1,110592,L1,unicast,one_from_one,True,False,False,0,1,136292.0,61.54879229888768
65536,256,blackhole,riscv_1,111616,L1,unicast,one_from_one,True,False,False,0,1,272031.0,61.67391216442244
64,1,blackhole,riscv_1,112640,L1,unicast,one_from_one,False,True,False,0,1,382.0,0.16753926701570682
128,1,blackhole,riscv_1,113664,L1,unicast,one_from_one,False,True,False,0,1,393.0,0.3256997455470738
256,1,blackhole,riscv_1,114688,L1,unicast,one_from_one,False,True,False,0,1,380.0,0.6736842105263158
512,1,blackhole,riscv_1,115712,L1,unicast,one_from_one,False,True,False,0,1,401.0,1.2768079800498753
1024,1,blackhole,riscv_1,116736,L1,unicast,one_from_one,False,True,False,0,1,397.0,2.579345088161209
2048,1,blackhole,riscv_1,117760,L1,unicast,one_from_one,False,True,False,0,1,413.0,4.958837772397095
4096,1,blackhole,riscv_1,118784,L1,unicast,one_from_one,False,True,False,0,1,444.0,9.225225225225225
8192,1,blackhole,riscv_1,119808,L1,unicast,one_from_one,False,True,False,0,1,508.0,16.125984251968504
16384,1,blackhole,riscv_1,120832,L1,unicast,one_from_one,False,True,False,0,1,644.0,25.440993788819874
32768,1,blackhole,riscv_1,121856,L1,unicast,one_from_one,False,True,False,0,1,915.0,35.8120218579235
65536,1,blackhole,riscv_1,122880,L1,unicast,one_from_one,False,True,False,0,1,1455.0,45.04192439862543
64,4,blackhole,riscv_1,123904,L1,unicast,one_from_one,False,True,False,0,1,471.0,0.5435244161358811
128,4,blackhole,riscv_1,124928,L1,unicast,one_from_one,False,True,False,0,1,471.0,1.0870488322717622
256,4,blackhole,riscv_1,125952,L1,unicast,one_from_one,False,True,False,0,1,479.0,2.137787056367432
512,4,blackhole,riscv_1,126976,L1,unicast,one_from_one,False,True,False,0,1,475.0,4.311578947368421
1024,4,blackhole,riscv_1,128000,L1,unicast,one_from_one,False,True,False,0,1,486.0,8.427983539094651
2048,4,blackhole,riscv_1,129024,L1,unicast,one_from_one,False,True,False,0,1,522.0,15.693486590038313
4096,4,blackhole,riscv_1,130048,L1,unicast,one_from_one,False,True,False,0,1,650.0,25.206153846153846
8192,4,blackhole,riscv_1,131072,L1,unicast,one_from_one,False,True,False,0,1,918.0,35.694989106753816
16384,4,blackhole,riscv_1,132096,L1,unicast,one_from_one,False,True,False,0,1,1454.0,45.07290233837689
32768,4,blackhole,riscv_1,133120,L1,unicast,one_from_one,False,True,False,0,1,2527.0,51.86861891571033
65536,4,blackhole,riscv_1,134144,L1,unicast,one_from_one,False,True,False,0,1,4637.0,56.53310329954712
64,16,blackhole,riscv_1,135168,L1,unicast,one_from_one,False,True,False,0,1,878.0,1.1662870159453302
128,16,blackhole,riscv_1,136192,L1,unicast,one_from_one,False,True,False,0,1,879.0,2.3299203640500568
256,16,blackhole,riscv_1,137216,L1,unicast,one_from_one,False,True,False,0,1,889.0,4.607424071991002
512,16,blackhole,riscv_1,138240,L1,unicast,one_from_one,False,True,False,0,1,888.0,9.225225225225225
1024,16,blackhole,riscv_1,139264,L1,unicast,one_from_one,False,True,False,0,1,894.0,18.32662192393736
2048,16,blackhole,riscv_1,140288,L1,unicast,one_from_one,False,True,False,0,1,946.0,34.6384778012685
4096,16,blackhole,riscv_1,141312,L1,unicast,one_from_one,False,True,False,0,1,1462.0,44.82626538987688
8192,16,blackhole,riscv_1,142336,L1,unicast,one_from_one,False,True,False,0,1,2528.0,51.848101265822784
16384,16,blackhole,riscv_1,143360,L1,unicast,one_from_one,False,True,False,0,1,4630.0,56.618574514038876
32768,16,blackhole,riscv_1,144384,L1,unicast,one_from_one,False,True,False,0,1,8889.0,58.981662729215884
65536,16,blackhole,riscv_1,145408,L1,unicast,one_from_one,False,True,False,0,1,17473.0,60.01121730670177
64,64,blackhole,riscv_1,146432,L1,unicast,one_from_one,False,True,False,0,1,2510.0,1.6318725099601594
128,64,blackhole,riscv_1,147456,L1,unicast,one_from_one,False,True,False,0,1,2510.0,3.263745019920319
256,64,blackhole,riscv_1,148480,L1,unicast,one_from_one,False,True,False,0,1,2518.0,6.506751389992057
512,64,blackhole,riscv_1,149504,L1,unicast,one_from_one,False,True,False,0,1,2519.0,13.008336641524414
1024,64,blackhole,riscv_1,150528,L1,unicast,one_from_one,False,True,False,0,1,2526.0,25.944576405384005
2048,64,blackhole,riscv_1,151552,L1,unicast,one_from_one,False,True,False,0,1,2623.0,49.97026305756767
4096,64,blackhole,riscv_1,152576,L1,unicast,one_from_one,False,True,False,0,1,4697.0,55.81094315520545
8192,64,blackhole,riscv_1,153600,L1,unicast,one_from_one,False,True,False,0,1,8943.0,58.625517164262554
16384,64,blackhole,riscv_1,154624,L1,unicast,one_from_one,False,True,False,0,1,17438.0,60.13166647551325
32768,64,blackhole,riscv_1,155648,L1,unicast,one_from_one,False,True,False,0,1,34368.0,61.02048417132216
65536,64,blackhole,riscv_1,156672,L1,unicast,one_from_one,False,True,False,0,1,68403.0,61.31754455213952
64,256,blackhole,riscv_1,157696,L1,unicast,one_from_one,False,True,False,0,1,9039.0,1.812589888261976
128,256,blackhole,riscv_1,158720,L1,unicast,one_from_one,False,True,False,0,1,9040.0,3.624778761061947
256,256,blackhole,riscv_1,159744,L1,unicast,one_from_one,False,True,False,0,1,9047.0,7.2439482701447995
512,256,blackhole,riscv_1,160768,L1,unicast,one_from_one,False,True,False,0,1,9049.0,14.484694441374737
1024,256,blackhole,riscv_1,161792,L1,unicast,one_from_one,False,True,False,0,1,9054.0,28.95339076651204
2048,256,blackhole,riscv_1,162816,L1,unicast,one_from_one,False,True,False,0,1,9200.0,56.987826086956524
4096,256,blackhole,riscv_1,163840,L1,unicast,one_from_one,False,True,False,0,1,17624.0,59.49704947798457
8192,256,blackhole,riscv_1,164864,L1,unicast,one_from_one,False,True,False,0,1,34518.0,60.755316066979546
16384,256,blackhole,riscv_1,165888,L1,unicast,one_from_one,False,True,False,0,1,68391.0,61.32830343173809
32768,256,blackhole,riscv_1,166912,L1,unicast,one_from_one,False,True,False,0,1,136163.0,61.60710325125034
65536,256,blackhole,riscv_1,167936,L1,unicast,one_from_one,False,True,False,0,1,272163.0,61.644000102879524
64,1,blackhole,riscv_1,168960,L1,unicast,one_from_one,False,False,False,0,1,394.0,0.16243654822335024
128,1,blackhole,riscv_1,169984,L1,unicast,one_from_one,False,False,False,0,1,372.0,0.34408602150537637
256,1,blackhole,riscv_1,171008,L1,unicast,one_from_one,False,False,False,0,1,397.0,0.6448362720403022
512,1,blackhole,riscv_1,172032,L1,unicast,one_from_one,False,False,False,0,1,391.0,1.3094629156010231
1024,1,blackhole,riscv_1,173056,L1,unicast,one_from_one,False,False,False,0,1,388.0,2.6391752577319587
2048,1,blackhole,riscv_1,174080,L1,unicast,one_from_one,False,False,False,0,1,415.0,4.934939759036145
4096,1,blackhole,riscv_1,175104,L1,unicast,one_from_one,False,False,False,0,1,443.0,9.246049661399548
8192,1,blackhole,riscv_1,176128,L1,unicast,one_from_one,False,False,False,0,1,499.0,16.416833667334668
16384,1,blackhole,riscv_1,177152,L1,unicast,one_from_one,False,False,False,0,1,655.0,25.013740458015267
32768,1,blackhole,riscv_1,178176,L1,unicast,one_from_one,False,False,False,0,1,913.0,35.89047097480832
65536,1,blackhole,riscv_1,179200,L1,unicast,one_from_one,False,False,False,0,1,1454.0,45.07290233837689
64,4,blackhole,riscv_1,180224,L1,unicast,one_from_one,False,False,False,0,1,470.0,0.5446808510638298
128,4,blackhole,riscv_1,181248,L1,unicast,one_from_one,False,False,False,0,1,459.0,1.1154684095860568
256,4,blackhole,riscv_1,182272,L1,unicast,one_from_one,False,False,False,0,1,477.0,2.146750524109015
512,4,blackhole,riscv_1,183296,L1,unicast,one_from_one,False,False,False,0,1,471.0,4.348195329087049
1024,4,blackhole,riscv_1,184320,L1,unicast,one_from_one,False,False,False,0,1,473.0,8.659619450317125
2048,4,blackhole,riscv_1,185344,L1,unicast,one_from_one,False,False,False,0,1,500.0,16.384
4096,4,blackhole,riscv_1,186368,L1,unicast,one_from_one,False,False,False,0,1,646.0,25.362229102167184
8192,4,blackhole,riscv_1,187392,L1,unicast,one_from_one,False,False,False,0,1,908.0,36.08810572687225
16384,4,blackhole,riscv_1,188416,L1,unicast,one_from_one,False,False,False,0,1,1444.0,45.38504155124654
32768,4,blackhole,riscv_1,189440,L1,unicast,one_from_one,False,False,False,0,1,2497.0,52.49179014817781
65536,4,blackhole,riscv_1,190464,L1,unicast,one_from_one,False,False,False,0,1,4639.0,56.50873032981246
64,16,blackhole,riscv_1,191488,L1,unicast,one_from_one,False,False,False,0,1,878.0,1.1662870159453302
128,16,blackhole,riscv_1,192512,L1,unicast,one_from_one,False,False,False,0,1,882.0,2.3219954648526078
256,16,blackhole,riscv_1,193536,L1,unicast,one_from_one,False,False,False,0,1,888.0,4.612612612612613
512,16,blackhole,riscv_1,194560,L1,unicast,one_from_one,False,False,False,0,1,886.0,9.246049661399548
1024,16,blackhole,riscv_1,195584,L1,unicast,one_from_one,False,False,False,0,1,900.0,18.204444444444444
2048,16,blackhole,riscv_1,196608,L1,unicast,one_from_one,False,False,False,0,1,931.0,35.19656283566058
4096,16,blackhole,riscv_1,197632,L1,unicast,one_from_one,False,False,False,0,1,1459.0,44.9184372858122
8192,16,blackhole,riscv_1,198656,L1,unicast,one_from_one,False,False,False,0,1,2503.0,52.36596084698362
16384,16,blackhole,riscv_1,199680,L1,unicast,one_from_one,False,False,False,0,1,4625.0,56.67978378378378
32768,16,blackhole,riscv_1,200704,L1,unicast,one_from_one,False,False,False,0,1,8883.0,59.021501744906
65536,16,blackhole,riscv_1,201728,L1,unicast,one_from_one,False,False,False,0,1,17380.0,60.332336018411965
64,64,blackhole,riscv_1,202752,L1,unicast,one_from_one,False,False,False,0,1,2560.0,1.6
128,64,blackhole,riscv_1,203776,L1,unicast,one_from_one,False,False,False,0,1,2558.0,3.202501954652072
256,64,blackhole,riscv_1,204800,L1,unicast,one_from_one,False,False,False,0,1,2566.0,6.385035074045207
512,64,blackhole,riscv_1,205824,L1,unicast,one_from_one,False,False,False,0,1,2572.0,12.740279937791602
1024,64,blackhole,riscv_1,206848,L1,unicast,one_from_one,False,False,False,0,1,2580.0,25.4015503875969
2048,64,blackhole,riscv_1,207872,L1,unicast,one_from_one,False,False,False,0,1,2602.0,50.37355880092237
4096,64,blackhole,riscv_1,208896,L1,unicast,one_from_one,False,False,False,0,1,4707.0,55.692373061397916
8192,64,blackhole,riscv_1,209920,L1,unicast,one_from_one,False,False,False,0,1,8924.0,58.75033617212013
16384,64,blackhole,riscv_1,210944,L1,unicast,one_from_one,False,False,False,0,1,17382.0,60.325394085835924
32768,64,blackhole,riscv_1,211968,L1,unicast,one_from_one,False,False,False,0,1,34447.0,60.88054112114263
65536,64,blackhole,riscv_1,212992,L1,unicast,one_from_one,False,False,False,0,1,68329.0,61.38395117739174
64,256,blackhole,riscv_1,214016,L1,unicast,one_from_one,False,False,False,0,1,9280.0,1.7655172413793103
128,256,blackhole,riscv_1,215040,L1,unicast,one_from_one,False,False,False,0,1,9280.0,3.5310344827586206
256,256,blackhole,riscv_1,216064,L1,unicast,one_from_one,False,False,False,0,1,9288.0,7.0559862187769165
512,256,blackhole,riscv_1,217088,L1,unicast,one_from_one,False,False,False,0,1,9296.0,14.099827882960414
1024,256,blackhole,riscv_1,218112,L1,unicast,one_from_one,False,False,False,0,1,9298.0,28.193590019359004
2048,256,blackhole,riscv_1,219136,L1,unicast,one_from_one,False,False,False,0,1,9315.0,56.284272678475574
4096,256,blackhole,riscv_1,220160,L1,unicast,one_from_one,False,False,False,0,1,17655.0,59.392580005664115
8192,256,blackhole,riscv_1,221184,L1,unicast,one_from_one,False,False,False,0,1,34518.0,60.755316066979546
16384,256,blackhole,riscv_1,222208,L1,unicast,one_from_one,False,False,False,0,1,68367.0,61.34983252153817
32768,256,blackhole,riscv_1,223232,L1,unicast,one_from_one,False,False,False,0,1,136369.0,61.5140391144615
65536,256,blackhole,riscv_1,224256,L1,unicast,one_from_one,False,False,False,0,1,272027.0,61.674819043697866
