Transaction Size (bytes),Number of Transactions,Architecture,RISC-V Processor,Run Host ID,Mechanism,Pattern,Number of subordinates,Same axis,Stateful,Loopback,NoC Index,Memory type,Latency (cycles),Bandwidth (bytes/cycle)
64,1,blackhole,riscv_0,0,L1,unicast,one_to_one,True,True,False,0,0,217.0,0.29493087557603687
128,1,blackhole,riscv_0,1024,L1,unicast,one_to_one,True,True,False,0,0,217.0,0.5898617511520737
256,1,blackhole,riscv_0,2048,L1,unicast,one_to_one,True,True,False,0,0,219.0,1.1689497716894977
512,1,blackhole,riscv_0,3072,L1,unicast,one_to_one,True,True,False,0,0,225.0,2.2755555555555556
1024,1,blackhole,riscv_0,4096,L1,unicast,one_to_one,True,True,False,0,0,233.0,4.394849785407725
2048,1,blackhole,riscv_0,5120,L1,unicast,one_to_one,True,True,False,0,0,259.0,7.9073359073359075
4096,1,blackhole,riscv_0,6144,L1,unicast,one_to_one,True,True,False,0,0,289.0,14.173010380622838
8192,1,blackhole,riscv_0,7168,L1,unicast,one_to_one,True,True,False,0,0,361.0,22.69252077562327
16384,1,blackhole,riscv_0,8192,L1,unicast,one_to_one,True,True,False,0,0,489.0,33.50511247443763
32768,1,blackhole,riscv_0,9216,L1,unicast,one_to_one,True,True,False,0,0,752.0,43.57446808510638
65536,1,blackhole,riscv_0,10240,L1,unicast,one_to_one,True,True,False,0,0,1291.0,50.76374903175833
64,4,blackhole,riscv_0,11264,L1,unicast,one_to_one,True,True,False,0,0,279.0,0.9175627240143369
128,4,blackhole,riscv_0,12288,L1,unicast,one_to_one,True,True,False,0,0,279.0,1.8351254480286738
256,4,blackhole,riscv_0,13312,L1,unicast,one_to_one,True,True,False,0,0,287.0,3.56794425087108
512,4,blackhole,riscv_0,14336,L1,unicast,one_to_one,True,True,False,0,0,289.0,7.086505190311419
1024,4,blackhole,riscv_0,15360,L1,unicast,one_to_one,True,True,False,0,0,295.0,13.884745762711864
2048,4,blackhole,riscv_0,16384,L1,unicast,one_to_one,True,True,False,0,0,350.0,23.405714285714286
4096,4,blackhole,riscv_0,17408,L1,unicast,one_to_one,True,True,False,0,0,495.0,33.0989898989899
8192,4,blackhole,riscv_0,18432,L1,unicast,one_to_one,True,True,False,0,0,749.0,43.748998664886514
16384,4,blackhole,riscv_0,19456,L1,unicast,one_to_one,True,True,False,0,0,1318.0,49.72382397572079
32768,4,blackhole,riscv_0,20480,L1,unicast,one_to_one,True,True,False,0,0,2360.0,55.538983050847456
65536,4,blackhole,riscv_0,21504,L1,unicast,one_to_one,True,True,False,0,0,4466.0,58.69771607702642
64,16,blackhole,riscv_0,22528,L1,unicast,one_to_one,True,True,False,0,0,519.0,1.9730250481695568
128,16,blackhole,riscv_0,23552,L1,unicast,one_to_one,True,True,False,0,0,519.0,3.9460500963391136
256,16,blackhole,riscv_0,24576,L1,unicast,one_to_one,True,True,False,0,0,527.0,7.772296015180266
512,16,blackhole,riscv_0,25600,L1,unicast,one_to_one,True,True,False,0,0,529.0,15.485822306238186
1024,16,blackhole,riscv_0,26624,L1,unicast,one_to_one,True,True,False,0,0,536.0,30.567164179104477
2048,16,blackhole,riscv_0,27648,L1,unicast,one_to_one,True,True,False,0,0,760.0,43.11578947368421
4096,16,blackhole,riscv_0,28672,L1,unicast,one_to_one,True,True,False,0,0,1311.0,49.98932112890923
8192,16,blackhole,riscv_0,29696,L1,unicast,one_to_one,True,True,False,0,0,2363.0,55.46847228099873
16384,16,blackhole,riscv_0,30720,L1,unicast,one_to_one,True,True,False,0,0,4464.0,58.72401433691756
32768,16,blackhole,riscv_0,31744,L1,unicast,one_to_one,True,True,False,0,0,8655.0,60.57631426920855
65536,16,blackhole,riscv_0,32768,L1,unicast,one_to_one,True,True,False,0,0,17061.0,61.46040677568724
64,64,blackhole,riscv_0,33792,L1,unicast,one_to_one,True,True,False,0,0,1492.0,2.745308310991957
128,64,blackhole,riscv_0,34816,L1,unicast,one_to_one,True,True,False,0,0,1480.0,5.535135135135135
256,64,blackhole,riscv_0,35840,L1,unicast,one_to_one,True,True,False,0,0,1489.0,11.003357958361317
512,64,blackhole,riscv_0,36864,L1,unicast,one_to_one,True,True,False,0,0,1490.0,21.99194630872483
1024,64,blackhole,riscv_0,37888,L1,unicast,one_to_one,True,True,False,0,0,1497.0,43.778223112892455
2048,64,blackhole,riscv_0,38912,L1,unicast,one_to_one,True,True,False,0,0,2406.0,54.477140482128014
4096,64,blackhole,riscv_0,39936,L1,unicast,one_to_one,True,True,False,0,0,4503.0,58.215411947590496
8192,64,blackhole,riscv_0,40960,L1,unicast,one_to_one,True,True,False,0,0,8722.0,60.11098371933043
16384,64,blackhole,riscv_0,41984,L1,unicast,one_to_one,True,True,False,0,0,17073.0,61.417208457798864
32768,64,blackhole,riscv_0,43008,L1,unicast,one_to_one,True,True,False,0,0,34037.0,61.613890765931195
65536,64,blackhole,riscv_0,44032,L1,unicast,one_to_one,True,True,False,0,0,67681.0,61.97166117521904
64,256,blackhole,riscv_0,45056,L1,unicast,one_to_one,True,True,False,0,0,5324.0,3.0773854244928627
128,256,blackhole,riscv_0,46080,L1,unicast,one_to_one,True,True,False,0,0,5323.0,6.155927108773248
256,256,blackhole,riscv_0,47104,L1,unicast,one_to_one,True,True,False,0,0,5328.0,12.3003003003003
512,256,blackhole,riscv_0,48128,L1,unicast,one_to_one,True,True,False,0,0,5330.0,24.591369606003752
1024,256,blackhole,riscv_0,49152,L1,unicast,one_to_one,True,True,False,0,0,5335.0,49.13664479850047
2048,256,blackhole,riscv_0,50176,L1,unicast,one_to_one,True,True,False,0,0,8860.0,59.17471783295711
4096,256,blackhole,riscv_0,51200,L1,unicast,one_to_one,True,True,False,0,0,17271.0,60.71310288923629
8192,256,blackhole,riscv_0,52224,L1,unicast,one_to_one,True,True,False,0,0,34060.0,61.57228420434527
16384,256,blackhole,riscv_0,53248,L1,unicast,one_to_one,True,True,False,0,0,67631.0,62.01747719241176
32768,256,blackhole,riscv_0,54272,L1,unicast,one_to_one,True,True,False,0,0,135030.0,62.124031696660005
65536,256,blackhole,riscv_0,55296,L1,unicast,one_to_one,True,True,False,0,0,271353.0,61.828010009102535
64,1,blackhole,riscv_0,56320,L1,unicast,one_to_one,True,False,False,0,0,209.0,0.3062200956937799
128,1,blackhole,riscv_0,57344,L1,unicast,one_to_one,True,False,False,0,0,209.0,0.6124401913875598
256,1,blackhole,riscv_0,58368,L1,unicast,one_to_one,True,False,False,0,0,217.0,1.1797235023041475
512,1,blackhole,riscv_0,59392,L1,unicast,one_to_one,True,False,False,0,0,219.0,2.3378995433789953
1024,1,blackhole,riscv_0,60416,L1,unicast,one_to_one,True,False,False,0,0,224.0,4.571428571428571
2048,1,blackhole,riscv_0,61440,L1,unicast,one_to_one,True,False,False,0,0,251.0,8.159362549800797
4096,1,blackhole,riscv_0,62464,L1,unicast,one_to_one,True,False,False,0,0,275.0,14.894545454545455
8192,1,blackhole,riscv_0,63488,L1,unicast,one_to_one,True,False,False,0,0,344.0,23.813953488372093
16384,1,blackhole,riscv_0,64512,L1,unicast,one_to_one,True,False,False,0,0,499.0,32.833667334669336
32768,1,blackhole,riscv_0,65536,L1,unicast,one_to_one,True,False,False,0,0,741.0,44.22132253711201
65536,1,blackhole,riscv_0,66560,L1,unicast,one_to_one,True,False,False,0,0,1282.0,51.1201248049922
64,4,blackhole,riscv_0,67584,L1,unicast,one_to_one,True,False,False,0,0,279.0,0.9175627240143369
128,4,blackhole,riscv_0,68608,L1,unicast,one_to_one,True,False,False,0,0,279.0,1.8351254480286738
256,4,blackhole,riscv_0,69632,L1,unicast,one_to_one,True,False,False,0,0,288.0,3.5555555555555554
512,4,blackhole,riscv_0,70656,L1,unicast,one_to_one,True,False,False,0,0,287.0,7.13588850174216
1024,4,blackhole,riscv_0,71680,L1,unicast,one_to_one,True,False,False,0,0,298.0,13.74496644295302
2048,4,blackhole,riscv_0,72704,L1,unicast,one_to_one,True,False,False,0,0,348.0,23.54022988505747
4096,4,blackhole,riscv_0,73728,L1,unicast,one_to_one,True,False,False,0,0,486.0,33.711934156378604
8192,4,blackhole,riscv_0,74752,L1,unicast,one_to_one,True,False,False,0,0,744.0,44.043010752688176
16384,4,blackhole,riscv_0,75776,L1,unicast,one_to_one,True,False,False,0,0,1295.0,50.60694980694981
32768,4,blackhole,riscv_0,76800,L1,unicast,one_to_one,True,False,False,0,0,2362.0,55.491955969517356
65536,4,blackhole,riscv_0,77824,L1,unicast,one_to_one,True,False,False,0,0,4443.0,59.00157551204141
64,16,blackhole,riscv_0,78848,L1,unicast,one_to_one,True,False,False,0,0,555.0,1.845045045045045
128,16,blackhole,riscv_0,79872,L1,unicast,one_to_one,True,False,False,0,0,554.0,3.696750902527076
256,16,blackhole,riscv_0,80896,L1,unicast,one_to_one,True,False,False,0,0,563.0,7.275310834813499
512,16,blackhole,riscv_0,81920,L1,unicast,one_to_one,True,False,False,0,0,563.0,14.550621669626999
1024,16,blackhole,riscv_0,82944,L1,unicast,one_to_one,True,False,False,0,0,571.0,28.69352014010508
2048,16,blackhole,riscv_0,83968,L1,unicast,one_to_one,True,False,False,0,0,764.0,42.890052356020945
4096,16,blackhole,riscv_0,84992,L1,unicast,one_to_one,True,False,False,0,0,1299.0,50.451116243264046
8192,16,blackhole,riscv_0,86016,L1,unicast,one_to_one,True,False,False,0,0,2360.0,55.538983050847456
16384,16,blackhole,riscv_0,87040,L1,unicast,one_to_one,True,False,False,0,0,4442.0,59.0148581719946
32768,16,blackhole,riscv_0,88064,L1,unicast,one_to_one,True,False,False,0,0,8690.0,60.332336018411965
65536,16,blackhole,riscv_0,89088,L1,unicast,one_to_one,True,False,False,0,0,17087.0,61.36688710715749
64,64,blackhole,riscv_0,90112,L1,unicast,one_to_one,True,False,False,0,0,1674.0,2.4468339307048983
128,64,blackhole,riscv_0,91136,L1,unicast,one_to_one,True,False,False,0,0,1671.0,4.902453620586475
256,64,blackhole,riscv_0,92160,L1,unicast,one_to_one,True,False,False,0,0,1668.0,9.822541966426858
512,64,blackhole,riscv_0,93184,L1,unicast,one_to_one,True,False,False,0,0,1677.0,19.539654144305306
1024,64,blackhole,riscv_0,94208,L1,unicast,one_to_one,True,False,False,0,0,1675.0,39.12597014925373
2048,64,blackhole,riscv_0,95232,L1,unicast,one_to_one,True,False,False,0,0,2395.0,54.727348643006266
4096,64,blackhole,riscv_0,96256,L1,unicast,one_to_one,True,False,False,0,0,4481.0,58.50122740459719
8192,64,blackhole,riscv_0,97280,L1,unicast,one_to_one,True,False,False,0,0,8643.0,60.660418836052294
16384,64,blackhole,riscv_0,98304,L1,unicast,one_to_one,True,False,False,0,0,17084.0,61.37766331070007
32768,64,blackhole,riscv_0,99328,L1,unicast,one_to_one,True,False,False,0,0,33901.0,61.8610660452494
65536,64,blackhole,riscv_0,100352,L1,unicast,one_to_one,True,False,False,0,0,67856.0,61.8118368309361
64,256,blackhole,riscv_0,101376,L1,unicast,one_to_one,True,False,False,0,0,6074.0,2.6973987487652287
128,256,blackhole,riscv_0,102400,L1,unicast,one_to_one,True,False,False,0,0,6074.0,5.394797497530457
256,256,blackhole,riscv_0,103424,L1,unicast,one_to_one,True,False,False,0,0,6082.0,10.7754028280171
512,256,blackhole,riscv_0,104448,L1,unicast,one_to_one,True,False,False,0,0,6084.0,21.54372123602893
1024,256,blackhole,riscv_0,105472,L1,unicast,one_to_one,True,False,False,0,0,6090.0,43.04499178981938
2048,256,blackhole,riscv_0,106496,L1,unicast,one_to_one,True,False,False,0,0,8924.0,58.75033617212013
4096,256,blackhole,riscv_0,107520,L1,unicast,one_to_one,True,False,False,0,0,17203.0,60.95308957739929
8192,256,blackhole,riscv_0,108544,L1,unicast,one_to_one,True,False,False,0,0,34124.0,61.456804595006446
16384,256,blackhole,riscv_0,109568,L1,unicast,one_to_one,True,False,False,0,0,67658.0,61.99272813266724
32768,256,blackhole,riscv_0,110592,L1,unicast,one_to_one,True,False,False,0,0,135114.0,62.0854093580236
65536,256,blackhole,riscv_0,111616,L1,unicast,one_to_one,True,False,False,0,0,269896.0,62.16178083409906
64,1,blackhole,riscv_0,112640,L1,unicast,one_to_one,False,True,False,0,0,369.0,0.17344173441734417
128,1,blackhole,riscv_0,113664,L1,unicast,one_to_one,False,True,False,0,0,369.0,0.34688346883468835
256,1,blackhole,riscv_0,114688,L1,unicast,one_to_one,False,True,False,0,0,377.0,0.6790450928381963
512,1,blackhole,riscv_0,115712,L1,unicast,one_to_one,False,True,False,0,0,383.0,1.3368146214099217
1024,1,blackhole,riscv_0,116736,L1,unicast,one_to_one,False,True,False,0,0,393.0,2.6055979643765905
2048,1,blackhole,riscv_0,117760,L1,unicast,one_to_one,False,True,False,0,0,415.0,4.934939759036145
4096,1,blackhole,riscv_0,118784,L1,unicast,one_to_one,False,True,False,0,0,433.0,9.459584295612009
8192,1,blackhole,riscv_0,119808,L1,unicast,one_to_one,False,True,False,0,0,505.0,16.221782178217822
16384,1,blackhole,riscv_0,120832,L1,unicast,one_to_one,False,True,False,0,0,650.0,25.206153846153846
32768,1,blackhole,riscv_0,121856,L1,unicast,one_to_one,False,True,False,0,0,911.0,35.96926454445664
65536,1,blackhole,riscv_0,122880,L1,unicast,one_to_one,False,True,False,0,0,1437.0,45.60612386917189
64,4,blackhole,riscv_0,123904,L1,unicast,one_to_one,False,True,False,0,0,432.0,0.5925925925925926
128,4,blackhole,riscv_0,124928,L1,unicast,one_to_one,False,True,False,0,0,438.0,1.1689497716894977
256,4,blackhole,riscv_0,125952,L1,unicast,one_to_one,False,True,False,0,0,443.0,2.311512415349887
512,4,blackhole,riscv_0,126976,L1,unicast,one_to_one,False,True,False,0,0,440.0,4.654545454545454
1024,4,blackhole,riscv_0,128000,L1,unicast,one_to_one,False,True,False,0,0,446.0,9.183856502242152
2048,4,blackhole,riscv_0,129024,L1,unicast,one_to_one,False,True,False,0,0,512.0,16.0
4096,4,blackhole,riscv_0,130048,L1,unicast,one_to_one,False,True,False,0,0,639.0,25.640062597809077
8192,4,blackhole,riscv_0,131072,L1,unicast,one_to_one,False,True,False,0,0,914.0,35.85120350109409
16384,4,blackhole,riscv_0,132096,L1,unicast,one_to_one,False,True,False,0,0,1447.0,45.29094678645473
32768,4,blackhole,riscv_0,133120,L1,unicast,one_to_one,False,True,False,0,0,2501.0,52.4078368652539
65536,4,blackhole,riscv_0,134144,L1,unicast,one_to_one,False,True,False,0,0,4636.0,56.545297670405525
64,16,blackhole,riscv_0,135168,L1,unicast,one_to_one,False,True,False,0,0,671.0,1.526080476900149
128,16,blackhole,riscv_0,136192,L1,unicast,one_to_one,False,True,False,0,0,679.0,3.01620029455081
256,16,blackhole,riscv_0,137216,L1,unicast,one_to_one,False,True,False,0,0,685.0,5.97956204379562
512,16,blackhole,riscv_0,138240,L1,unicast,one_to_one,False,True,False,0,0,679.0,12.06480117820324
1024,16,blackhole,riscv_0,139264,L1,unicast,one_to_one,False,True,False,0,0,689.0,23.779390420899855
2048,16,blackhole,riscv_0,140288,L1,unicast,one_to_one,False,True,False,0,0,923.0,35.50162513542795
4096,16,blackhole,riscv_0,141312,L1,unicast,one_to_one,False,True,False,0,0,1458.0,44.94924554183813
8192,16,blackhole,riscv_0,142336,L1,unicast,one_to_one,False,True,False,0,0,2498.0,52.470776621297034
16384,16,blackhole,riscv_0,143360,L1,unicast,one_to_one,False,True,False,0,0,4601.0,56.97544012171267
32768,16,blackhole,riscv_0,144384,L1,unicast,one_to_one,False,True,False,0,0,8805.0,59.54434980124929
65536,16,blackhole,riscv_0,145408,L1,unicast,one_to_one,False,True,False,0,0,17330.0,60.50640507789959
64,64,blackhole,riscv_0,146432,L1,unicast,one_to_one,False,True,False,0,0,1631.0,2.5113427345187
128,64,blackhole,riscv_0,147456,L1,unicast,one_to_one,False,True,False,0,0,1640.0,4.995121951219512
256,64,blackhole,riscv_0,148480,L1,unicast,one_to_one,False,True,False,0,0,1642.0,9.978075517661388
512,64,blackhole,riscv_0,149504,L1,unicast,one_to_one,False,True,False,0,0,1655.0,19.79939577039275
1024,64,blackhole,riscv_0,150528,L1,unicast,one_to_one,False,True,False,0,0,1661.0,39.45574954846478
2048,64,blackhole,riscv_0,151552,L1,unicast,one_to_one,False,True,False,0,0,2536.0,51.68454258675079
4096,64,blackhole,riscv_0,152576,L1,unicast,one_to_one,False,True,False,0,0,4656.0,56.302405498281786
8192,64,blackhole,riscv_0,153600,L1,unicast,one_to_one,False,True,False,0,0,8859.0,59.181397448922
16384,64,blackhole,riscv_0,154624,L1,unicast,one_to_one,False,True,False,0,0,17241.0,60.81874601241228
32768,64,blackhole,riscv_0,155648,L1,unicast,one_to_one,False,True,False,0,0,34013.0,61.65736630112016
65536,64,blackhole,riscv_0,156672,L1,unicast,one_to_one,False,True,False,0,0,67700.0,61.95426883308715
64,256,blackhole,riscv_0,157696,L1,unicast,one_to_one,False,True,False,0,0,5473.0,2.993604969852001
128,256,blackhole,riscv_0,158720,L1,unicast,one_to_one,False,True,False,0,0,5483.0,5.976290351997082
256,256,blackhole,riscv_0,159744,L1,unicast,one_to_one,False,True,False,0,0,5480.0,11.95912408759124
512,256,blackhole,riscv_0,160768,L1,unicast,one_to_one,False,True,False,0,0,5478.0,23.926980649872217
1024,256,blackhole,riscv_0,161792,L1,unicast,one_to_one,False,True,False,0,0,5487.0,47.77546929105158
2048,256,blackhole,riscv_0,162816,L1,unicast,one_to_one,False,True,False,0,0,8997.0,58.273646771145934
4096,256,blackhole,riscv_0,163840,L1,unicast,one_to_one,False,True,False,0,0,17393.0,60.287241993905596
8192,256,blackhole,riscv_0,164864,L1,unicast,one_to_one,False,True,False,0,0,34170.0,61.374070822358796
16384,256,blackhole,riscv_0,165888,L1,unicast,one_to_one,False,True,False,0,0,67910.0,61.762685907819176
32768,256,blackhole,riscv_0,166912,L1,unicast,one_to_one,False,True,False,0,0,135128.0,62.07897696998401
65536,256,blackhole,riscv_0,167936,L1,unicast,one_to_one,False,True,False,0,0,269831.0,62.176755080031576
64,1,blackhole,riscv_0,168960,L1,unicast,one_to_one,False,False,False,0,0,360.0,0.17777777777777778
128,1,blackhole,riscv_0,169984,L1,unicast,one_to_one,False,False,False,0,0,361.0,0.3545706371191136
256,1,blackhole,riscv_0,171008,L1,unicast,one_to_one,False,False,False,0,0,359.0,0.713091922005571
512,1,blackhole,riscv_0,172032,L1,unicast,one_to_one,False,False,False,0,0,367.0,1.3950953678474114
1024,1,blackhole,riscv_0,173056,L1,unicast,one_to_one,False,False,False,0,0,386.0,2.6528497409326426
2048,1,blackhole,riscv_0,174080,L1,unicast,one_to_one,False,False,False,0,0,412.0,4.970873786407767
4096,1,blackhole,riscv_0,175104,L1,unicast,one_to_one,False,False,False,0,0,442.0,9.266968325791856
8192,1,blackhole,riscv_0,176128,L1,unicast,one_to_one,False,False,False,0,0,505.0,16.221782178217822
16384,1,blackhole,riscv_0,177152,L1,unicast,one_to_one,False,False,False,0,0,641.0,25.5600624024961
32768,1,blackhole,riscv_0,178176,L1,unicast,one_to_one,False,False,False,0,0,918.0,35.694989106753816
65536,1,blackhole,riscv_0,179200,L1,unicast,one_to_one,False,False,False,0,0,1450.0,45.19724137931034
64,4,blackhole,riscv_0,180224,L1,unicast,one_to_one,False,False,False,0,0,430.0,0.5953488372093023
128,4,blackhole,riscv_0,181248,L1,unicast,one_to_one,False,False,False,0,0,438.0,1.1689497716894977
256,4,blackhole,riscv_0,182272,L1,unicast,one_to_one,False,False,False,0,0,440.0,2.327272727272727
512,4,blackhole,riscv_0,183296,L1,unicast,one_to_one,False,False,False,0,0,438.0,4.675799086757991
1024,4,blackhole,riscv_0,184320,L1,unicast,one_to_one,False,False,False,0,0,446.0,9.183856502242152
2048,4,blackhole,riscv_0,185344,L1,unicast,one_to_one,False,False,False,0,0,500.0,16.384
4096,4,blackhole,riscv_0,186368,L1,unicast,one_to_one,False,False,False,0,0,630.0,26.006349206349206
8192,4,blackhole,riscv_0,187392,L1,unicast,one_to_one,False,False,False,0,0,905.0,36.20773480662984
16384,4,blackhole,riscv_0,188416,L1,unicast,one_to_one,False,False,False,0,0,1437.0,45.60612386917189
32768,4,blackhole,riscv_0,189440,L1,unicast,one_to_one,False,False,False,0,0,2474.0,52.97978981406629
65536,4,blackhole,riscv_0,190464,L1,unicast,one_to_one,False,False,False,0,0,4601.0,56.97544012171267
64,16,blackhole,riscv_0,191488,L1,unicast,one_to_one,False,False,False,0,0,708.0,1.4463276836158192
128,16,blackhole,riscv_0,192512,L1,unicast,one_to_one,False,False,False,0,0,714.0,2.8683473389355743
256,16,blackhole,riscv_0,193536,L1,unicast,one_to_one,False,False,False,0,0,715.0,5.728671328671329
512,16,blackhole,riscv_0,194560,L1,unicast,one_to_one,False,False,False,0,0,716.0,11.441340782122905
1024,16,blackhole,riscv_0,195584,L1,unicast,one_to_one,False,False,False,0,0,723.0,22.661134163208853
2048,16,blackhole,riscv_0,196608,L1,unicast,one_to_one,False,False,False,0,0,927.0,35.34843581445523
4096,16,blackhole,riscv_0,197632,L1,unicast,one_to_one,False,False,False,0,0,1443.0,45.41649341649342
8192,16,blackhole,riscv_0,198656,L1,unicast,one_to_one,False,False,False,0,0,2494.0,52.55493183640738
16384,16,blackhole,riscv_0,199680,L1,unicast,one_to_one,False,False,False,0,0,4588.0,57.13687881429817
32768,16,blackhole,riscv_0,200704,L1,unicast,one_to_one,False,False,False,0,0,8844.0,59.281772953414745
65536,16,blackhole,riscv_0,201728,L1,unicast,one_to_one,False,False,False,0,0,17288.0,60.65340120314669
64,64,blackhole,riscv_0,202752,L1,unicast,one_to_one,False,False,False,0,0,1812.0,2.260485651214128
128,64,blackhole,riscv_0,203776,L1,unicast,one_to_one,False,False,False,0,0,1817.0,4.508530544854155
256,64,blackhole,riscv_0,204800,L1,unicast,one_to_one,False,False,False,0,0,1826.0,8.97261774370208
512,64,blackhole,riscv_0,205824,L1,unicast,one_to_one,False,False,False,0,0,1819.0,18.01429356789445
1024,64,blackhole,riscv_0,206848,L1,unicast,one_to_one,False,False,False,0,0,1842.0,35.57871878393051
2048,64,blackhole,riscv_0,207872,L1,unicast,one_to_one,False,False,False,0,0,2560.0,51.2
4096,64,blackhole,riscv_0,208896,L1,unicast,one_to_one,False,False,False,0,0,4625.0,56.67978378378378
8192,64,blackhole,riscv_0,209920,L1,unicast,one_to_one,False,False,False,0,0,8813.0,59.49029842278452
16384,64,blackhole,riscv_0,210944,L1,unicast,one_to_one,False,False,False,0,0,17340.0,60.47151095732411
32768,64,blackhole,riscv_0,211968,L1,unicast,one_to_one,False,False,False,0,0,34068.0,61.55782552541975
65536,64,blackhole,riscv_0,212992,L1,unicast,one_to_one,False,False,False,0,0,67754.0,61.90489122413437
64,256,blackhole,riscv_0,214016,L1,unicast,one_to_one,False,False,False,0,0,6226.0,2.631545133311918
128,256,blackhole,riscv_0,215040,L1,unicast,one_to_one,False,False,False,0,0,6245.0,5.247077662129704
256,256,blackhole,riscv_0,216064,L1,unicast,one_to_one,False,False,False,0,0,6242.0,10.4991989746876
512,256,blackhole,riscv_0,217088,L1,unicast,one_to_one,False,False,False,0,0,6240.0,21.005128205128205
1024,256,blackhole,riscv_0,218112,L1,unicast,one_to_one,False,False,False,0,0,6242.0,41.9967958987504
2048,256,blackhole,riscv_0,219136,L1,unicast,one_to_one,False,False,False,0,0,9075.0,57.77278236914601
4096,256,blackhole,riscv_0,220160,L1,unicast,one_to_one,False,False,False,0,0,17387.0,60.30804624144476
8192,256,blackhole,riscv_0,221184,L1,unicast,one_to_one,False,False,False,0,0,34141.0,61.42620309891333
16384,256,blackhole,riscv_0,222208,L1,unicast,one_to_one,False,False,False,0,0,67685.0,61.96799881805422
32768,256,blackhole,riscv_0,223232,L1,unicast,one_to_one,False,False,False,0,0,135415.0,61.9474061219215
65536,256,blackhole,riscv_0,224256,L1,unicast,one_to_one,False,False,False,0,0,269698.0,62.20741718514783
